Event Label,IP Address,Total Events,Unique Events,Event Value,Avg. Value
common-insomnia.png,99.93.208.84,1,1,0,0
other-weight-gain.png,99.93.208.84,1,1,0,0
reproductive-years-result,99.93.208.84,1,1,0,0
sex-libido.png,99.93.208.84,1,1,0,0
sex-period.png,99.93.208.84,1,1,0,0
treatmentsButton,99.93.208.84,1,1,0,0
try-on-your-own,99.93.208.84,1,1,0,0
common-depression.png,99.92.172.96,1,1,0,0
common-hot-flashes.png,99.92.172.96,1,1,0,0
other-weight-gain.png,99.92.172.96,1,1,0,0
other-weight-gain.png,99.89.44.176,1,1,0,0
common-hot-flashes.png,99.82.254.180,1,1,0,0
mind-body,99.82.254.180,1,1,0,0
other-bladder.png,99.82.254.180,1,1,0,0
other-weight-gain.png,99.82.254.180,2,1,0,0
reproductive-years-result,99.82.254.180,1,1,0,0
supplement,99.82.254.180,1,1,0,0
treatmentsButton,99.82.254.180,1,1,0,0
try-on-your-own,99.82.254.180,1,1,0,0
common-depression.png,99.8.85.105,1,1,0,0
dry-eyes2.png,99.8.85.105,1,1,0,0
late-menopause-transition-result,99.8.85.105,1,1,0,0
only-treatments-known-to-work,99.8.85.105,1,1,0,0
other-aches-pains.png,99.8.85.105,1,1,0,0
other-bladder.png,99.8.85.105,1,1,0,0
other-brain-fog.png,99.8.85.105,1,1,0,0
other-dryness.png,99.8.85.105,1,1,0,0
other-weight-gain.png,99.8.85.105,1,1,0,0
prescription-medicine,99.8.85.105,1,1,0,0
supplement,99.8.85.105,1,1,0,0
treatmentsButton,99.8.85.105,2,1,0,0
try-on-your-own,99.8.85.105,1,1,0,0
common-depression.png,99.7.30.41,1,1,0,0
common-hot-flashes.png,99.7.30.41,2,1,0,0
common-insomnia.png,99.7.30.41,1,1,0,0
other-brain-fog.png,99.7.30.41,1,1,0,0
other-weight-gain.png,99.7.30.41,1,1,0,0
sex-period.png,99.7.30.41,1,1,0,0
supplement,99.7.30.41,1,1,0,0
treatmentsButton,99.7.30.41,2,1,0,0
try-on-your-own,99.7.30.41,1,1,0,0
common-hot-flashes.png,99.44.25.230,3,1,0,0
common-insomnia.png,99.44.25.230,2,1,0,0
dry-eyes2.png,99.44.25.230,2,1,0,0
mind-body,99.44.25.230,2,1,0,0
other-weight-gain.png,99.44.25.230,2,1,0,0
prescription-medicine,99.44.25.230,1,1,0,0
sex-period.png,99.44.25.230,2,1,0,0
supplement,99.44.25.230,2,1,0,0
treatmentsButton,99.44.25.230,5,1,0,0
try-on-your-own,99.44.25.230,2,1,0,0
common-depression.png,99.32.58.89,1,1,0,0
common-hot-flashes.png,99.32.58.89,1,1,0,0
other-bladder.png,99.32.58.89,1,1,0,0
other-dryness.png,99.32.58.89,1,1,0,0
prescription-medicine,99.32.58.89,1,1,0,0
supplement,99.32.58.89,1,1,0,0
treatmentsButton,99.32.58.89,1,1,0,0
try-on-your-own,99.32.58.89,1,1,0,0
uncertain-stage-result,99.32.58.89,1,1,0,0
common-depression.png,99.196.242.50,2,1,0,0
common-hot-flashes.png,99.196.242.50,2,1,0,0
other-aches-pains.png,99.196.242.50,2,1,0,0
other-brain-fog.png,99.196.242.50,1,1,0,0
sex-period.png,99.196.242.50,2,1,0,0
treatmentsButton,99.196.242.50,1,1,0,0
only-treatments-known-to-work,99.185.57.102,1,1,0,0
other-bladder.png,99.185.57.102,1,1,0,0
other-dryness.png,99.185.57.102,1,1,0,0
other-weight-gain.png,99.185.57.102,1,1,0,0
sex-pain-vagina.png,99.185.57.102,1,1,0,0
treatmentsButton,99.185.57.102,1,1,0,0
common-insomnia.png,99.182.122.131,1,1,0,0
uncertain-stage-result,99.182.122.131,1,1,0,0
pre-menopausal-result,99.160.137.175,1,1,0,0
sex-libido.png,99.160.137.175,1,1,0,0
common-hot-flashes.png,99.122.83.146,1,1,0,0
common-depression.png,99.108.235.167,1,1,0,0
common-hot-flashes.png,99.108.235.167,2,1,0,0
common-insomnia.png,99.108.235.167,1,1,0,0
mind-body,99.108.235.167,1,1,0,0
other-brain-fog.png,99.108.235.167,1,1,0,0
other-weight-gain.png,99.108.235.167,4,1,0,0
sex-libido.png,99.108.235.167,2,1,0,0
supplement,99.108.235.167,1,1,0,0
treatmentsButton,99.108.235.167,2,1,0,0
try-on-your-own,99.108.235.167,1,1,0,0
common-depression.png,99.102.165.93,2,1,0,0
common-hot-flashes.png,99.102.165.93,3,1,0,0
dry-eyes2.png,99.102.165.93,1,1,0,0
other-aches-pains.png,99.102.165.93,1,1,0,0
other-dryness.png,99.102.165.93,1,1,0,0
other-weight-gain.png,99.102.165.93,2,1,0,0
professional-help,99.102.165.93,1,1,0,0
sex-libido.png,99.102.165.93,1,1,0,0
sex-pain-sex.png,99.102.165.93,1,1,0,0
supplement,99.102.165.93,1,1,0,0
treatmentsButton,99.102.165.93,1,1,0,0
try-on-your-own,99.102.165.93,1,1,0,0
common-depression.png,98.40.10.88,1,1,0,0
common-insomnia.png,98.40.10.88,1,1,0,0
only-treatments-known-to-work,98.40.10.88,1,1,0,0
other-brain-fog.png,98.40.10.88,1,1,0,0
other-weight-gain.png,98.40.10.88,1,1,0,0
treatmentsButton,98.40.10.88,2,1,0,0
late-menopause-transition-result,98.27.129.144,1,1,0,0
common-hot-flashes.png,98.235.28.50,1,1,0,0
common-insomnia.png,98.235.28.50,1,1,0,0
other-dryness.png,98.235.28.50,1,1,0,0
sex-libido.png,98.235.28.50,1,1,0,0
common-hot-flashes.png,98.23.209.26,1,1,0,0
only-treatments-known-to-work,98.23.209.26,1,1,0,0
other-brain-fog.png,98.23.209.26,1,1,0,0
other-dryness.png,98.23.209.26,1,1,0,0
other-weight-gain.png,98.23.209.26,1,1,0,0
prescription-medicine,98.23.209.26,1,1,0,0
sex-libido.png,98.23.209.26,2,1,0,0
supplement,98.23.209.26,1,1,0,0
treatmentsButton,98.23.209.26,1,1,0,0
try-on-your-own,98.23.209.26,1,1,0,0
common-insomnia.png,98.22.203.135,1,1,0,0
other-aches-pains.png,98.22.203.135,1,1,0,0
other-brain-fog.png,98.22.203.135,1,1,0,0
other-dryness.png,98.22.203.135,1,1,0,0
supplement,98.22.203.135,1,1,0,0
treatmentsButton,98.22.203.135,1,1,0,0
try-on-your-own,98.22.203.135,1,1,0,0
common-depression.png,98.204.252.212,1,1,0,0
common-hot-flashes.png,98.204.252.212,1,1,0,0
common-insomnia.png,98.204.252.212,1,1,0,0
mind-body,98.204.252.212,1,1,0,0
other-aches-pains.png,98.204.252.212,1,1,0,0
other-brain-fog.png,98.204.252.212,1,1,0,0
other-weight-gain.png,98.204.252.212,1,1,0,0
supplement,98.204.252.212,1,1,0,0
treatmentsButton,98.204.252.212,1,1,0,0
try-on-your-own,98.204.252.212,1,1,0,0
common-hot-flashes.png,98.192.129.75,1,1,0,0
common-insomnia.png,98.192.129.75,1,1,0,0
common-hot-flashes.png,98.181.6.74,1,1,0,0
mind-body,98.181.6.74,2,1,0,0
ok-for-breast-cancer,98.181.6.74,2,1,0,0
only-treatments-known-to-work,98.181.6.74,2,1,0,0
other-aches-pains.png,98.181.6.74,1,1,0,0
other-weight-gain.png,98.181.6.74,1,1,0,0
prescription-medicine,98.181.6.74,2,1,0,0
professional-help,98.181.6.74,2,1,0,0
sex-period.png,98.181.6.74,1,1,0,0
supplement,98.181.6.74,2,1,0,0
treatmentsButton,98.181.6.74,1,1,0,0
try-on-your-own,98.181.6.74,2,1,0,0
common-depression.png,98.174.82.34,2,1,0,0
common-insomnia.png,98.174.82.34,1,1,0,0
early-menopause-transition-result,98.174.82.34,2,1,0,0
mind-body,98.174.82.34,1,1,0,0
other-bladder.png,98.174.82.34,2,1,0,0
other-weight-gain.png,98.174.82.34,2,1,0,0
sex-period.png,98.174.82.34,2,1,0,0
supplement,98.174.82.34,1,1,0,0
treatmentsButton,98.174.82.34,4,1,0,0
try-on-your-own,98.174.82.34,1,1,0,0
common-hot-flashes.png,98.165.150.193,2,1,0,0
other-aches-pains.png,98.165.150.193,2,1,0,0
other-bladder.png,98.165.150.193,2,1,0,0
other-weight-gain.png,98.165.150.193,2,1,0,0
sex-libido.png,98.165.150.193,2,1,0,0
sex-pain-vagina.png,98.165.150.193,2,1,0,0
treatmentsButton,98.165.150.193,3,1,0,0
common-depression.png,98.152.32.83,1,1,0,0
common-insomnia.png,98.152.32.83,1,1,0,0
dry-eyes2.png,98.152.32.83,2,1,0,0
late-menopause-transition-result,98.152.32.83,4,1,0,0
other-aches-pains.png,98.152.32.83,1,1,0,0
other-bladder.png,98.152.32.83,2,1,0,0
other-brain-fog.png,98.152.32.83,2,1,0,0
sex-period.png,98.152.32.83,2,1,0,0
treatmentsButton,98.152.32.83,10,1,0,0
common-depression.png,98.148.91.153,1,1,0,0
common-hot-flashes.png,98.148.91.153,3,1,0,0
common-insomnia.png,98.148.91.153,1,1,0,0
other-aches-pains.png,98.148.91.153,2,1,0,0
other-brain-fog.png,98.148.91.153,1,1,0,0
other-weight-gain.png,98.148.91.153,3,1,0,0
treatmentsButton,98.148.91.153,6,1,0,0
uncertain-stage-result,98.148.192.63,1,1,0,0
common-depression.png,98.146.203.152,1,1,0,0
common-hot-flashes.png,98.146.203.152,1,1,0,0
common-insomnia.png,98.146.203.152,1,1,0,0
only-treatments-known-to-work,98.146.203.152,1,1,0,0
prescription-medicine,98.146.203.152,1,1,0,0
sex-libido.png,98.146.203.152,1,1,0,0
sex-period.png,98.146.203.152,1,1,0,0
supplement,98.146.203.152,1,1,0,0
treatmentsButton,98.146.203.152,1,1,0,0
try-on-your-own,98.146.203.152,1,1,0,0
other-bladder.png,98.118.116.178,1,1,0,0
late-menopause-transition-result,98.10.243.160,1,1,0,0
common-depression.png,97.91.169.33,1,1,0,0
common-hot-flashes.png,97.91.169.33,1,1,0,0
common-insomnia.png,97.91.169.33,1,1,0,0
sex-libido.png,97.91.169.33,1,1,0,0
sex-pain-sex.png,97.91.169.33,1,1,0,0
sex-pain-vagina.png,97.91.169.33,1,1,0,0
sex-period.png,97.91.169.33,1,1,0,0
treatmentsButton,97.91.169.33,2,1,0,0
common-depression.png,97.121.167.37,1,1,0,0
common-hot-flashes.png,97.121.167.37,1,1,0,0
common-insomnia.png,97.121.167.37,1,1,0,0
mind-body,97.121.167.37,1,1,0,0
only-treatments-known-to-work,97.121.167.37,1,1,0,0
other-aches-pains.png,97.121.167.37,1,1,0,0
other-weight-gain.png,97.121.167.37,1,1,0,0
prescription-medicine,97.121.167.37,1,1,0,0
sex-libido.png,97.121.167.37,1,1,0,0
supplement,97.121.167.37,1,1,0,0
treatmentsButton,97.121.167.37,2,1,0,0
try-on-your-own,97.121.167.37,1,1,0,0
uncertain-stage-result,97.115.93.206,1,1,0,0
common-depression.png,97.102.31.226,1,1,0,0
common-hot-flashes.png,97.102.31.226,1,1,0,0
common-insomnia.png,97.102.31.226,1,1,0,0
other-weight-gain.png,97.102.31.226,1,1,0,0
sex-libido.png,97.102.31.226,1,1,0,0
sex-pain-sex.png,97.102.31.226,1,1,0,0
sex-period.png,97.102.31.226,1,1,0,0
sex-libido.png,96.42.25.209,1,1,0,0
common-depression.png,96.41.202.198,1,1,0,0
common-hot-flashes.png,96.41.202.198,2,2,0,0
common-insomnia.png,96.41.202.198,2,2,0,0
early-menopause-transition-result,96.41.202.198,1,1,0,0
other-brain-fog.png,96.41.202.198,1,1,0,0
other-weight-gain.png,96.41.202.198,1,1,0,0
reproductive-years-result,96.41.202.198,1,1,0,0
sex-libido.png,96.41.202.198,1,1,0,0
sex-period.png,96.41.202.198,1,1,0,0
supplement,96.41.202.198,1,1,0,0
treatmentsButton,96.41.202.198,2,1,0,0
try-on-your-own,96.41.202.198,1,1,0,0
common-hot-flashes.png,96.29.3.249,2,1,0,0
common-insomnia.png,96.29.3.249,2,1,0,0
dry-eyes2.png,96.29.3.249,1,1,0,0
other-bladder.png,96.29.3.249,2,1,0,0
other-dryness.png,96.29.3.249,1,1,0,0
prescription-medicine,96.29.3.249,1,1,0,0
treatmentsButton,96.29.3.249,1,1,0,0
common-depression.png,96.252.109.126,1,1,0,0
common-hot-flashes.png,96.252.109.126,1,1,0,0
common-insomnia.png,96.252.109.126,1,1,0,0
dry-eyes2.png,96.252.109.126,1,1,0,0
mind-body,96.252.109.126,1,1,0,0
only-treatments-known-to-work,96.252.109.126,1,1,0,0
other-aches-pains.png,96.252.109.126,1,1,0,0
other-weight-gain.png,96.252.109.126,1,1,0,0
prescription-medicine,96.252.109.126,1,1,0,0
professional-help,96.252.109.126,1,1,0,0
reproductive-years-result,96.252.109.126,1,1,0,0
sex-libido.png,96.252.109.126,1,1,0,0
supplement,96.252.109.126,1,1,0,0
treatmentsButton,96.252.109.126,5,1,0,0
try-on-your-own,96.252.109.126,1,1,0,0
reproductive-years-result,76.26.54.57,1,1,0,0
common-hot-flashes.png,76.25.77.216,1,1,0,0
common-insomnia.png,76.25.77.216,1,1,0,0
other-brain-fog.png,76.25.77.216,1,1,0,0
reproductive-years-result,76.25.77.216,1,1,0,0
sex-libido.png,76.25.77.216,1,1,0,0
sex-period.png,76.25.77.216,1,1,0,0
treatmentsButton,76.25.77.216,1,1,0,0
reproductive-years-result,76.191.19.153,1,1,0,0
common-depression.png,76.120.172.6,1,1,0,0
common-hot-flashes.png,76.120.172.6,1,1,0,0
common-insomnia.png,76.120.172.6,1,1,0,0
mind-body,76.120.172.6,1,1,0,0
only-treatments-known-to-work,76.120.172.6,1,1,0,0
other-bladder.png,76.120.172.6,1,1,0,0
other-weight-gain.png,76.120.172.6,1,1,0,0
sex-pain-sex.png,76.120.172.6,1,1,0,0
supplement,76.120.172.6,1,1,0,0
treatmentsButton,76.120.172.6,2,1,0,0
common-depression.png,76.106.2.217,1,1,0,0
common-hot-flashes.png,76.106.2.217,2,1,0,0
only-treatments-known-to-work,76.106.2.217,2,1,0,0
other-dryness.png,76.106.2.217,2,1,0,0
other-weight-gain.png,76.106.2.217,2,1,0,0
prescription-medicine,76.106.2.217,4,1,0,0
sex-libido.png,76.106.2.217,2,1,0,0
supplement,76.106.2.217,2,1,0,0
treatmentsButton,76.106.2.217,5,1,0,0
try-on-your-own,76.106.2.217,2,1,0,0
common-hot-flashes.png,75.97.179.218,2,1,0,0
common-insomnia.png,75.97.179.218,1,1,0,0
only-treatments-known-to-work,75.97.179.218,1,1,0,0
treatmentsButton,75.97.179.218,2,1,0,0
common-hot-flashes.png,75.89.200.130,1,1,0,0
other-aches-pains.png,75.89.200.130,2,1,0,0
sex-libido.png,75.89.200.130,1,1,0,0
sex-period.png,75.89.200.130,3,1,0,0
supplement,75.89.200.130,1,1,0,0
treatmentsButton,75.89.200.130,1,1,0,0
try-on-your-own,75.89.200.130,1,1,0,0
common-depression.png,75.58.42.195,2,1,0,0
common-hot-flashes.png,75.58.42.195,1,1,0,0
common-insomnia.png,75.58.42.195,2,1,0,0
dry-eyes2.png,75.58.42.195,2,1,0,0
mind-body,75.58.42.195,1,1,0,0
other-aches-pains.png,75.58.42.195,1,1,0,0
other-bladder.png,75.58.42.195,1,1,0,0
other-brain-fog.png,75.58.42.195,1,1,0,0
other-dryness.png,75.58.42.195,1,1,0,0
other-weight-gain.png,75.58.42.195,1,1,0,0
prescription-medicine,75.58.42.195,1,1,0,0
professional-help,75.58.42.195,1,1,0,0
sex-libido.png,75.58.42.195,2,1,0,0
sex-period.png,75.58.42.195,1,1,0,0
supplement,75.58.42.195,1,1,0,0
treatmentsButton,75.58.42.195,1,1,0,0
try-on-your-own,75.58.42.195,1,1,0,0
common-hot-flashes.png,75.188.45.72,1,1,0,0
common-insomnia.png,75.188.45.72,1,1,0,0
only-treatments-known-to-work,75.188.45.72,1,1,0,0
other-bladder.png,75.188.45.72,1,1,0,0
other-brain-fog.png,75.188.45.72,1,1,0,0
sex-libido.png,75.188.45.72,1,1,0,0
treatmentsButton,75.188.45.72,5,1,0,0
common-depression.png,75.187.42.179,1,1,0,0
early-menopause-transition-result,75.187.42.179,1,1,0,0
late-menopause-transition-result,75.187.42.179,1,1,0,0
mind-body,75.187.42.179,1,1,0,0
other-aches-pains.png,75.187.42.179,1,1,0,0
other-brain-fog.png,75.187.42.179,1,1,0,0
sex-libido.png,75.187.42.179,2,1,0,0
sex-period.png,75.187.42.179,1,1,0,0
supplement,75.187.42.179,1,1,0,0
treatmentsButton,75.187.42.179,1,1,0,0
try-on-your-own,75.187.42.179,1,1,0,0
common-insomnia.png,75.187.124.48,1,1,0,0
other-aches-pains.png,75.187.124.48,1,1,0,0
other-bladder.png,75.187.124.48,1,1,0,0
other-weight-gain.png,75.187.124.48,1,1,0,0
prescription-medicine,75.187.124.48,1,1,0,0
sex-pain-vagina.png,75.187.124.48,1,1,0,0
sex-period.png,75.187.124.48,1,1,0,0
treatmentsButton,75.187.124.48,2,1,0,0
try-on-your-own,75.187.124.48,1,1,0,0
common-depression.png,75.175.104.136,1,1,0,0
common-hot-flashes.png,75.175.104.136,1,1,0,0
common-insomnia.png,75.175.104.136,2,1,0,0
dry-eyes2.png,75.175.104.136,2,1,0,0
mind-body,75.175.104.136,1,1,0,0
only-treatments-known-to-work,75.175.104.136,1,1,0,0
other-aches-pains.png,75.175.104.136,1,1,0,0
other-bladder.png,75.175.104.136,1,1,0,0
other-brain-fog.png,75.175.104.136,2,1,0,0
other-dryness.png,75.175.104.136,1,1,0,0
prescription-medicine,75.175.104.136,1,1,0,0
professional-help,75.175.104.136,1,1,0,0
sex-pain-vagina.png,75.175.104.136,1,1,0,0
supplement,75.175.104.136,1,1,0,0
treatmentsButton,75.175.104.136,4,1,0,0
try-on-your-own,75.175.104.136,1,1,0,0
common-hot-flashes.png,75.172.55.60,1,1,0,0
common-insomnia.png,75.172.55.60,1,1,0,0
other-aches-pains.png,75.172.55.60,1,1,0,0
other-bladder.png,75.172.55.60,1,1,0,0
other-brain-fog.png,75.172.55.60,1,1,0,0
post-menopausal-result,75.172.55.60,1,1,0,0
prescription-medicine,75.172.55.60,3,1,0,0
sex-pain-vagina.png,75.172.55.60,1,1,0,0
supplement,75.172.55.60,1,1,0,0
treatmentsButton,75.172.55.60,1,1,0,0
try-on-your-own,75.172.55.60,1,1,0,0
other-aches-pains.png,75.115.127.225,1,1,0,0
other-bladder.png,75.115.127.225,1,1,0,0
common-depression.png,75.111.145.77,3,1,0,0
common-hot-flashes.png,75.111.145.77,1,1,0,0
common-insomnia.png,75.111.145.77,3,1,0,0
other-bladder.png,75.111.145.77,1,1,0,0
other-brain-fog.png,75.111.145.77,1,1,0,0
other-weight-gain.png,75.111.145.77,3,1,0,0
supplement,75.111.145.77,4,1,0,0
treatmentsButton,75.111.145.77,4,1,0,0
try-on-your-own,75.111.145.77,6,1,0,0
common-hot-flashes.png,75.104.71.177,1,1,0,0
common-insomnia.png,75.104.71.177,1,1,0,0
dry-eyes2.png,75.104.71.177,1,1,0,0
other-bladder.png,75.104.71.177,1,1,0,0
treatmentsButton,75.104.71.177,1,1,0,0
common-depression.png,74.213.203.196,1,1,0,0
common-hot-flashes.png,74.213.203.196,1,1,0,0
common-insomnia.png,74.213.203.196,1,1,0,0
other-weight-gain.png,74.213.203.196,1,1,0,0
sex-period.png,74.213.203.196,1,1,0,0
other-brain-fog.png,74.199.76.172,1,1,0,0
other-weight-gain.png,74.199.76.172,1,1,0,0
prescription-medicine,74.199.76.172,1,1,0,0
professional-help,74.199.76.172,1,1,0,0
reproductive-years-result,74.199.76.172,1,1,0,0
sex-libido.png,74.199.76.172,1,1,0,0
sex-pain-vagina.png,74.199.76.172,1,1,0,0
supplement,74.199.76.172,1,1,0,0
treatmentsButton,74.199.76.172,1,1,0,0
try-on-your-own,74.199.76.172,1,1,0,0
common-insomnia.png,74.134.88.28,1,1,0,0
only-treatments-known-to-work,74.134.88.28,1,1,0,0
other-aches-pains.png,74.134.88.28,1,1,0,0
other-brain-fog.png,74.134.88.28,1,1,0,0
other-dryness.png,74.134.88.28,1,1,0,0
prescription-medicine,74.134.88.28,1,1,0,0
sex-libido.png,74.134.88.28,1,1,0,0
sex-pain-vagina.png,74.134.88.28,1,1,0,0
sex-period.png,74.134.88.28,1,1,0,0
supplement,74.134.88.28,1,1,0,0
treatmentsButton,74.134.88.28,3,1,0,0
common-depression.png,74.111.182.17,1,1,0,0
common-hot-flashes.png,74.111.182.17,2,1,0,0
only-treatments-known-to-work,74.111.182.17,1,1,0,0
other-aches-pains.png,74.111.182.17,1,1,0,0
other-weight-gain.png,74.111.182.17,1,1,0,0
treatmentsButton,74.111.182.17,2,1,0,0
try-on-your-own,74.111.182.17,1,1,0,0
common-hot-flashes.png,73.94.72.118,1,1,0,0
mind-body,73.94.72.118,2,1,0,0
other-aches-pains.png,73.94.72.118,1,1,0,0
other-brain-fog.png,73.94.72.118,1,1,0,0
other-dryness.png,73.94.72.118,1,1,0,0
other-weight-gain.png,73.94.72.118,1,1,0,0
prescription-medicine,73.94.72.118,2,1,0,0
professional-help,73.94.72.118,2,1,0,0
sex-libido.png,73.94.72.118,1,1,0,0
supplement,73.94.72.118,2,1,0,0
treatmentsButton,73.94.72.118,2,1,0,0
try-on-your-own,73.94.72.118,2,1,0,0
common-hot-flashes.png,73.90.207.79,1,1,0,0
common-insomnia.png,73.90.207.79,1,1,0,0
HIGH DEPRESSION SCORE,73.90.207.79,1,1,0,0
mind-body,73.90.207.79,2,1,0,0
only-treatments-known-to-work,73.90.207.79,4,1,0,0
other-brain-fog.png,73.90.207.79,1,1,0,0
other-dryness.png,73.90.207.79,1,1,0,0
other-weight-gain.png,73.90.207.79,1,1,0,0
prescription-medicine,73.90.207.79,5,1,0,0
professional-help,73.90.207.79,2,1,0,0
supplement,73.90.207.79,2,1,0,0
treatmentsButton,73.90.207.79,3,1,0,0
try-on-your-own,73.90.207.79,5,1,0,0
common-depression.png,73.81.166.10,1,1,0,0
common-hot-flashes.png,73.81.166.10,1,1,0,0
only-treatments-known-to-work,73.81.166.10,2,1,0,0
other-dryness.png,73.81.166.10,1,1,0,0
prescription-medicine,73.81.166.10,1,1,0,0
sex-pain-vagina.png,73.81.166.10,1,1,0,0
supplement,73.81.166.10,1,1,0,0
treatmentsButton,73.81.166.10,2,1,0,0
try-on-your-own,73.81.166.10,1,1,0,0
common-hot-flashes.png,73.50.147.172,2,1,0,0
common-insomnia.png,73.50.147.172,1,1,0,0
dry-eyes2.png,73.50.147.172,2,1,0,0
late-menopause-transition-result,73.50.147.172,1,1,0,0
other-bladder.png,73.50.147.172,2,1,0,0
other-weight-gain.png,73.50.147.172,1,1,0,0
sex-libido.png,73.50.147.172,3,1,0,0
sex-period.png,73.50.147.172,1,1,0,0
treatmentsButton,73.50.147.172,1,1,0,0
common-depression.png,73.48.241.8,1,1,0,0
common-hot-flashes.png,73.48.241.8,1,1,0,0
dry-eyes2.png,73.48.241.8,2,1,0,0
only-treatments-known-to-work,73.48.241.8,1,1,0,0
other-brain-fog.png,73.48.241.8,1,1,0,0
other-dryness.png,73.48.241.8,1,1,0,0
other-weight-gain.png,73.48.241.8,2,1,0,0
professional-help,73.48.241.8,1,1,0,0
sex-period.png,73.48.241.8,1,1,0,0
supplement,73.48.241.8,1,1,0,0
treatmentsButton,73.48.241.8,2,1,0,0
try-on-your-own,73.48.241.8,1,1,0,0
common-hot-flashes.png,73.37.13.59,1,1,0,0
mind-body,73.37.13.59,1,1,0,0
only-treatments-known-to-work,73.37.13.59,1,1,0,0
other-aches-pains.png,73.37.13.59,1,1,0,0
other-brain-fog.png,73.37.13.59,1,1,0,0
reproductive-years-result,73.37.13.59,1,1,0,0
sex-period.png,73.37.13.59,1,1,0,0
supplement,73.37.13.59,1,1,0,0
treatmentsButton,73.37.13.59,1,1,0,0
try-on-your-own,73.37.13.59,1,1,0,0
common-hot-flashes.png,73.182.217.127,3,1,0,0
common-insomnia.png,73.182.217.127,2,1,0,0
only-treatments-known-to-work,73.182.217.127,1,1,0,0
other-brain-fog.png,73.182.217.127,1,1,0,0
other-weight-gain.png,73.182.217.127,1,1,0,0
sex-libido.png,73.182.217.127,2,1,0,0
sex-pain-sex.png,73.182.217.127,1,1,0,0
sex-period.png,73.182.217.127,1,1,0,0
treatmentsButton,73.182.217.127,1,1,0,0
common-depression.png,73.181.216.235,2,1,0,0
common-hot-flashes.png,73.181.216.235,2,1,0,0
common-insomnia.png,73.181.216.235,2,1,0,0
dry-eyes2.png,73.181.216.235,1,1,0,0
other-dryness.png,73.181.216.235,2,1,0,0
other-weight-gain.png,73.181.216.235,2,1,0,0
treatmentsButton,73.181.216.235,3,1,0,0
other-brain-fog.png,73.169.223.100,1,1,0,0
late-menopause-transition-result,73.16.205.220,1,1,0,0
prescription-medicine,73.16.205.220,1,1,0,0
common-depression.png,73.147.52.48,2,1,0,0
common-hot-flashes.png,73.147.52.48,1,1,0,0
dry-eyes2.png,73.147.52.48,1,1,0,0
mind-body,73.147.52.48,1,1,0,0
ok-for-breast-cancer,73.147.52.48,1,1,0,0
only-treatments-known-to-work,73.147.52.48,1,1,0,0
other-bladder.png,73.147.52.48,2,1,0,0
other-brain-fog.png,73.147.52.48,1,1,0,0
prescription-medicine,73.147.52.48,1,1,0,0
professional-help,73.147.52.48,1,1,0,0
reproductive-years-result,73.147.52.48,5,1,0,0
sex-libido.png,73.147.52.48,1,1,0,0
sex-period.png,73.147.52.48,1,1,0,0
supplement,73.147.52.48,1,1,0,0
treatmentsButton,73.147.52.48,5,1,0,0
try-on-your-own,73.147.52.48,1,1,0,0
common-depression.png,73.136.94.35,1,1,0,0
other-aches-pains.png,73.136.94.35,1,1,0,0
other-weight-gain.png,73.136.94.35,1,1,0,0
sex-libido.png,73.136.94.35,1,1,0,0
common-depression.png,73.135.130.127,1,1,0,0
common-hot-flashes.png,73.135.130.127,1,1,0,0
common-insomnia.png,73.135.130.127,1,1,0,0
other-bladder.png,73.135.130.127,1,1,0,0
other-dryness.png,73.135.130.127,1,1,0,0
post-menopausal-result,73.135.130.127,2,1,0,0
prescription-medicine,73.135.130.127,1,1,0,0
treatmentsButton,73.135.130.127,1,1,0,0
common-depression.png,73.131.117.35,1,1,0,0
common-hot-flashes.png,73.131.117.35,1,1,0,0
common-insomnia.png,73.131.117.35,1,1,0,0
other-aches-pains.png,73.131.117.35,1,1,0,0
other-bladder.png,73.131.117.35,1,1,0,0
other-brain-fog.png,73.131.117.35,1,1,0,0
other-weight-gain.png,73.131.117.35,1,1,0,0
sex-libido.png,73.131.117.35,1,1,0,0
sex-pain-sex.png,73.131.117.35,1,1,0,0
common-depression.png,73.11.8.10,3,2,0,0
common-hot-flashes.png,73.11.8.10,5,3,0,0
common-insomnia.png,73.11.8.10,3,2,0,0
late-menopause-transition-result,73.11.8.10,1,1,0,0
mind-body,73.11.8.10,2,2,0,0
ok-for-breast-cancer,73.11.8.10,2,1,0,0
only-treatments-known-to-work,73.11.8.10,5,2,0,0
other-aches-pains.png,73.11.8.10,4,3,0,0
other-dryness.png,73.11.8.10,3,2,0,0
prescription-medicine,73.11.8.10,2,2,0,0
professional-help,73.11.8.10,1,1,0,0
sex-period.png,73.11.8.10,4,3,0,0
supplement,73.11.8.10,2,2,0,0
treatmentsButton,73.11.8.10,11,3,0,0
try-on-your-own,73.11.8.10,2,2,0,0
common-insomnia.png,72.74.219.122,1,1,0,0
dry-eyes2.png,72.74.219.122,1,1,0,0
mind-body,72.74.219.122,1,1,0,0
ok-for-breast-cancer,72.74.219.122,1,1,0,0
only-treatments-known-to-work,72.74.219.122,1,1,0,0
other-aches-pains.png,72.74.219.122,1,1,0,0
other-brain-fog.png,72.74.219.122,2,1,0,0
professional-help,72.74.219.122,1,1,0,0
supplement,72.74.219.122,1,1,0,0
treatmentsButton,72.74.219.122,2,1,0,0
common-depression.png,72.26.4.168,1,1,0,0
common-insomnia.png,72.26.4.168,1,1,0,0
other-brain-fog.png,72.26.4.168,1,1,0,0
other-dryness.png,72.26.4.168,1,1,0,0
other-weight-gain.png,72.26.4.168,1,1,0,0
sex-period.png,72.26.4.168,1,1,0,0
treatmentsButton,72.26.4.168,1,1,0,0
common-depression.png,72.230.71.244,1,1,0,0
dry-eyes2.png,72.230.71.244,1,1,0,0
mind-body,72.230.71.244,1,1,0,0
only-treatments-known-to-work,72.230.71.244,1,1,0,0
other-aches-pains.png,72.230.71.244,2,1,0,0
other-bladder.png,72.230.71.244,2,1,0,0
other-brain-fog.png,72.230.71.244,1,1,0,0
other-dryness.png,72.230.71.244,1,1,0,0
other-weight-gain.png,72.230.71.244,2,1,0,0
sex-libido.png,72.230.71.244,2,1,0,0
sex-period.png,72.230.71.244,1,1,0,0
supplement,72.230.71.244,1,1,0,0
treatmentsButton,72.230.71.244,2,1,0,0
try-on-your-own,72.230.71.244,1,1,0,0
common-depression.png,72.230.242.29,1,1,0,0
common-insomnia.png,72.230.242.29,1,1,0,0
other-brain-fog.png,72.230.242.29,1,1,0,0
other-weight-gain.png,72.230.242.29,1,1,0,0
sex-pain-sex.png,72.230.242.29,1,1,0,0
sex-period.png,72.230.242.29,1,1,0,0
treatmentsButton,72.230.242.29,1,1,0,0
common-depression.png,72.196.151.16,5,1,0,0
common-insomnia.png,72.196.151.16,1,1,0,0
dry-eyes2.png,72.196.151.16,1,1,0,0
mind-body,72.196.151.16,1,1,0,0
ok-for-breast-cancer,72.196.151.16,2,1,0,0
only-treatments-known-to-work,72.196.151.16,1,1,0,0
other-aches-pains.png,72.196.151.16,1,1,0,0
other-bladder.png,72.196.151.16,2,1,0,0
other-brain-fog.png,72.196.151.16,3,1,0,0
other-dryness.png,72.196.151.16,2,1,0,0
other-weight-gain.png,72.196.151.16,3,1,0,0
prescription-medicine,72.196.151.16,2,1,0,0
professional-help,72.196.151.16,1,1,0,0
supplement,72.196.151.16,2,1,0,0
treatmentsButton,72.196.151.16,4,1,0,0
try-on-your-own,72.196.151.16,1,1,0,0
late-menopause-transition-result,72.188.247.175,2,1,0,0
sex-period.png,72.188.247.175,1,1,0,0
common-depression.png,71.81.210.174,4,1,0,0
common-hot-flashes.png,71.81.210.174,4,1,0,0
common-insomnia.png,71.81.210.174,5,1,0,0
only-treatments-known-to-work,71.81.210.174,3,1,0,0
other-aches-pains.png,71.81.210.174,3,1,0,0
other-bladder.png,71.81.210.174,4,1,0,0
other-dryness.png,71.81.210.174,3,1,0,0
other-weight-gain.png,71.81.210.174,1,1,0,0
prescription-medicine,71.81.210.174,2,1,0,0
professional-help,71.81.210.174,2,1,0,0
sex-libido.png,71.81.210.174,3,1,0,0
sex-pain-vagina.png,71.81.210.174,1,1,0,0
sex-period.png,71.81.210.174,4,1,0,0
supplement,71.81.210.174,3,1,0,0
treatmentsButton,71.81.210.174,5,1,0,0
try-on-your-own,71.81.210.174,2,1,0,0
uncertain-stage-result,71.81.210.174,1,1,0,0
uncertain-stage-result,71.67.244.85,1,1,0,0
common-depression.png,71.255.32.18,1,1,0,0
common-hot-flashes.png,71.255.32.18,3,1,0,0
other-aches-pains.png,71.255.32.18,2,1,0,0
other-brain-fog.png,71.255.32.18,1,1,0,0
other-weight-gain.png,71.255.32.18,1,1,0,0
reproductive-years-result,71.255.32.18,1,1,0,0
sex-libido.png,71.255.32.18,1,1,0,0
treatmentsButton,71.255.32.18,1,1,0,0
try-on-your-own,71.255.32.18,1,1,0,0
other-bladder.png,71.240.196.40,1,1,0,0
other-brain-fog.png,71.240.196.40,1,1,0,0
other-weight-gain.png,71.240.196.40,1,1,0,0
sex-libido.png,71.240.196.40,1,1,0,0
sex-pain-sex.png,71.240.196.40,1,1,0,0
sex-period.png,71.240.196.40,1,1,0,0
treatmentsButton,71.240.196.40,1,1,0,0
common-depression.png,71.238.34.51,1,1,0,0
common-hot-flashes.png,71.238.34.51,1,1,0,0
ok-for-breast-cancer,71.238.34.51,1,1,0,0
other-aches-pains.png,71.238.34.51,1,1,0,0
other-brain-fog.png,71.238.34.51,1,1,0,0
other-weight-gain.png,71.238.34.51,1,1,0,0
reproductive-years-result,71.238.34.51,1,1,0,0
sex-libido.png,71.238.34.51,1,1,0,0
treatmentsButton,71.238.34.51,2,1,0,0
common-depression.png,71.237.252.165,1,1,0,0
common-hot-flashes.png,71.237.252.165,3,1,0,0
only-treatments-known-to-work,71.237.252.165,1,1,0,0
other-aches-pains.png,71.237.252.165,1,1,0,0
other-bladder.png,71.237.252.165,1,1,0,0
other-brain-fog.png,71.237.252.165,1,1,0,0
other-weight-gain.png,71.237.252.165,1,1,0,0
prescription-medicine,71.237.252.165,2,1,0,0
professional-help,71.237.252.165,1,1,0,0
supplement,71.237.252.165,1,1,0,0
treatmentsButton,71.237.252.165,2,1,0,0
try-on-your-own,71.237.252.165,1,1,0,0
common-depression.png,71.227.107.130,2,1,0,0
common-hot-flashes.png,71.227.107.130,1,1,0,0
common-insomnia.png,71.227.107.130,2,1,0,0
other-aches-pains.png,71.227.107.130,1,1,0,0
other-bladder.png,71.227.107.130,1,1,0,0
other-brain-fog.png,71.227.107.130,1,1,0,0
other-weight-gain.png,71.227.107.130,1,1,0,0
prescription-medicine,71.227.107.130,1,1,0,0
professional-help,71.227.107.130,1,1,0,0
treatmentsButton,71.227.107.130,4,1,0,0
try-on-your-own,71.227.107.130,1,1,0,0
common-hot-flashes.png,71.223.238.5,2,1,0,0
mind-body,71.223.238.5,1,1,0,0
only-treatments-known-to-work,71.223.238.5,1,1,0,0
other-weight-gain.png,71.223.238.5,1,1,0,0
prescription-medicine,71.223.238.5,1,1,0,0
sex-libido.png,71.223.238.5,2,1,0,0
supplement,71.223.238.5,1,1,0,0
treatmentsButton,71.223.238.5,3,1,0,0
try-on-your-own,71.223.238.5,1,1,0,0
common-depression.png,71.214.48.85,2,1,0,0
common-hot-flashes.png,71.214.48.85,2,1,0,0
dry-eyes2.png,71.214.48.85,2,1,0,0
ok-for-breast-cancer,71.214.48.85,1,1,0,0
other-brain-fog.png,71.214.48.85,2,1,0,0
sex-libido.png,71.214.48.85,2,1,0,0
sex-pain-sex.png,71.214.48.85,2,1,0,0
sex-pain-vagina.png,71.214.48.85,2,1,0,0
supplement,71.214.48.85,1,1,0,0
treatmentsButton,71.214.48.85,3,1,0,0
try-on-your-own,71.214.48.85,1,1,0,0
common-depression.png,71.213.45.87,1,1,0,0
common-insomnia.png,71.213.45.87,1,1,0,0
mind-body,71.213.45.87,1,1,0,0
other-aches-pains.png,71.213.45.87,1,1,0,0
other-weight-gain.png,71.213.45.87,2,1,0,0
reproductive-years-result,71.213.45.87,1,1,0,0
sex-libido.png,71.213.45.87,1,1,0,0
SUB-THRESHOLD INSOMNIA,71.213.45.87,1,1,0,0
supplement,71.213.45.87,1,1,0,0
treatmentsButton,71.213.45.87,8,1,0,0
try-on-your-own,71.213.45.87,1,1,0,0
common-hot-flashes.png,71.192.14.0,3,1,0,0
other-aches-pains.png,71.192.14.0,1,1,0,0
other-bladder.png,71.192.14.0,1,1,0,0
other-brain-fog.png,71.192.14.0,1,1,0,0
other-weight-gain.png,71.192.14.0,2,1,0,0
sex-pain-sex.png,71.192.14.0,1,1,0,0
supplement,71.192.14.0,1,1,0,0
treatmentsButton,71.192.14.0,2,1,0,0
try-on-your-own,71.192.14.0,1,1,0,0
common-hot-flashes.png,71.182.170.133,2,1,0,0
other-aches-pains.png,71.182.170.133,2,1,0,0
other-brain-fog.png,71.182.170.133,1,1,0,0
other-weight-gain.png,71.182.170.133,2,1,0,0
prescription-medicine,71.182.170.133,1,1,0,0
sex-libido.png,71.182.170.133,2,1,0,0
sex-pain-vagina.png,71.182.170.133,1,1,0,0
treatmentsButton,71.182.170.133,1,1,0,0
late-menopause-transition-result,71.129.32.129,1,1,0,0
sex-period.png,71.129.32.129,1,1,0,0
common-depression.png,70.94.78.192,1,1,0,0
common-hot-flashes.png,70.94.78.192,1,1,0,0
common-insomnia.png,70.94.78.192,1,1,0,0
mind-body,70.94.78.192,1,1,0,0
only-treatments-known-to-work,70.94.78.192,1,1,0,0
other-aches-pains.png,70.94.78.192,1,1,0,0
other-bladder.png,70.94.78.192,2,1,0,0
other-weight-gain.png,70.94.78.192,1,1,0,0
prescription-medicine,70.94.78.192,1,1,0,0
reproductive-years-result,70.94.78.192,2,1,0,0
supplement,70.94.78.192,3,1,0,0
treatmentsButton,70.94.78.192,5,1,0,0
try-on-your-own,70.94.78.192,1,1,0,0
common-insomnia.png,70.94.244.118,1,1,0,0
sex-period.png,70.94.244.118,1,1,0,0
common-depression.png,70.35.188.49,1,1,0,0
common-hot-flashes.png,70.35.188.49,1,1,0,0
common-insomnia.png,70.35.188.49,2,1,0,0
other-bladder.png,70.35.188.49,2,1,0,0
other-weight-gain.png,70.35.188.49,2,1,0,0
prescription-medicine,70.35.188.49,1,1,0,0
sex-libido.png,70.35.188.49,1,1,0,0
sex-pain-sex.png,70.35.188.49,1,1,0,0
sex-period.png,70.35.188.49,1,1,0,0
supplement,70.35.188.49,1,1,0,0
treatmentsButton,70.35.188.49,3,1,0,0
try-on-your-own,70.35.188.49,1,1,0,0
common-hot-flashes.png,70.235.130.102,2,1,0,0
other-brain-fog.png,70.235.130.102,1,1,0,0
sex-libido.png,70.235.130.102,1,1,0,0
weekly-hot-flash-diary.pdf,70.235.130.102,1,1,0,0
common-depression.png,70.187.28.91,1,1,0,0
common-hot-flashes.png,70.187.28.91,2,1,0,0
mind-body,70.187.28.91,1,1,0,0
only-treatments-known-to-work,70.187.28.91,1,1,0,0
other-aches-pains.png,70.187.28.91,2,1,0,0
other-bladder.png,70.187.28.91,2,1,0,0
other-weight-gain.png,70.187.28.91,2,1,0,0
sex-period.png,70.187.28.91,2,1,0,0
treatmentsButton,70.187.28.91,2,1,0,0
try-on-your-own,70.187.28.91,1,1,0,0
common-depression.png,70.18.238.174,1,1,0,0
common-insomnia.png,70.18.238.174,1,1,0,0
uncertain-stage-result,70.18.238.174,1,1,0,0
common-depression.png,70.170.52.38,1,1,0,0
common-hot-flashes.png,70.170.52.38,1,1,0,0
common-insomnia.png,70.170.52.38,1,1,0,0
mind-body,70.170.52.38,1,1,0,0
only-treatments-known-to-work,70.170.52.38,1,1,0,0
other-bladder.png,70.170.52.38,1,1,0,0
other-brain-fog.png,70.170.52.38,3,1,0,0
other-dryness.png,70.170.52.38,1,1,0,0
sex-libido.png,70.170.52.38,2,1,0,0
sex-period.png,70.170.52.38,1,1,0,0
supplement,70.170.52.38,1,1,0,0
treatmentsButton,70.170.52.38,2,1,0,0
try-on-your-own,70.170.52.38,1,1,0,0
common-depression.png,70.162.176.142,5,1,0,0
common-hot-flashes.png,70.162.176.142,4,1,0,0
common-insomnia.png,70.162.176.142,6,1,0,0
HIGH DEPRESSION SCORE,70.162.176.142,1,1,0,0
late-menopause-transition-result,70.162.176.142,1,1,0,0
only-treatments-known-to-work,70.162.176.142,5,1,0,0
other-bladder.png,70.162.176.142,2,1,0,0
other-brain-fog.png,70.162.176.142,3,1,0,0
other-weight-gain.png,70.162.176.142,4,1,0,0
prescription-medicine,70.162.176.142,4,1,0,0
professional-help,70.162.176.142,2,1,0,0
supplement,70.162.176.142,3,1,0,0
treatmentsButton,70.162.176.142,10,1,0,0
try-on-your-own,70.162.176.142,5,1,0,0
your-daily-bladder-diary.pdf,70.162.176.142,1,1,0,0
common-depression.png,69.88.40.153,1,1,0,0
common-insomnia.png,69.88.40.153,1,1,0,0
other-brain-fog.png,69.88.40.153,1,1,0,0
other-dryness.png,69.88.40.153,1,1,0,0
reproductive-years-result,69.88.40.153,1,1,0,0
sex-libido.png,69.88.40.153,1,1,0,0
treatmentsButton,69.88.40.153,10,1,0,0
uncertain-stage-result,69.255.155.56,1,1,0,0
common-depression.png,69.244.221.2,1,1,0,0
common-hot-flashes.png,69.244.221.2,1,1,0,0
common-insomnia.png,69.244.221.2,1,1,0,0
other-aches-pains.png,69.244.221.2,1,1,0,0
other-weight-gain.png,69.244.221.2,1,1,0,0
sex-pain-vagina.png,69.244.221.2,1,1,0,0
supplement,69.244.221.2,1,1,0,0
treatmentsButton,69.244.221.2,3,1,0,0
reproductive-years-result,69.140.84.145,1,1,0,0
late-menopause-transition-result,69.140.116.95,1,1,0,0
reproductive-years-result,69.140.116.95,4,1,0,0
other-brain-fog.png,69.14.171.213,1,1,0,0
common-depression.png,68.93.4.230,1,1,0,0
common-hot-flashes.png,68.93.4.230,1,1,0,0
mind-body,68.93.4.230,1,1,0,0
only-treatments-known-to-work,68.93.4.230,1,1,0,0
other-aches-pains.png,68.93.4.230,1,1,0,0
other-weight-gain.png,68.93.4.230,1,1,0,0
prescription-medicine,68.93.4.230,1,1,0,0
sex-libido.png,68.93.4.230,1,1,0,0
sex-period.png,68.93.4.230,1,1,0,0
supplement,68.93.4.230,1,1,0,0
treatmentsButton,68.93.4.230,3,1,0,0
try-on-your-own,68.93.4.230,1,1,0,0
common-insomnia.png,68.82.200.161,1,1,0,0
dry-eyes2.png,68.82.200.161,1,1,0,0
only-treatments-known-to-work,68.82.200.161,1,1,0,0
other-aches-pains.png,68.82.200.161,1,1,0,0
other-dryness.png,68.82.200.161,1,1,0,0
other-weight-gain.png,68.82.200.161,2,1,0,0
sex-libido.png,68.82.200.161,1,1,0,0
sex-period.png,68.82.200.161,1,1,0,0
supplement,68.82.200.161,1,1,0,0
treatmentsButton,68.82.200.161,2,1,0,0
try-on-your-own,68.82.200.161,1,1,0,0
uncertain-stage-result,68.82.200.161,2,1,0,0
common-depression.png,68.47.20.170,3,1,0,0
common-insomnia.png,68.47.20.170,2,1,0,0
early-menopause-transition-result,68.47.20.170,1,1,0,0
HIGH DEPRESSION SCORE,68.47.20.170,2,1,0,0
other-brain-fog.png,68.47.20.170,1,1,0,0
other-weight-gain.png,68.47.20.170,1,1,0,0
reproductive-years-result,68.47.20.170,1,1,0,0
sex-libido.png,68.47.20.170,1,1,0,0
SUB-THRESHOLD INSOMNIA,68.47.20.170,1,1,0,0
treatmentsButton,68.47.20.170,1,1,0,0
uncertain-stage-result,68.47.20.170,1,1,0,0
common-depression.png,68.37.167.213,3,1,0,0
mind-body,68.37.167.213,3,1,0,0
ok-for-breast-cancer,68.37.167.213,2,1,0,0
only-treatments-known-to-work,68.37.167.213,5,1,0,0
other-aches-pains.png,68.37.167.213,4,1,0,0
other-bladder.png,68.37.167.213,3,1,0,0
other-brain-fog.png,68.37.167.213,2,1,0,0
other-dryness.png,68.37.167.213,2,1,0,0
other-weight-gain.png,68.37.167.213,3,1,0,0
prescription-medicine,68.37.167.213,3,1,0,0
professional-help,68.37.167.213,3,1,0,0
sex-libido.png,68.37.167.213,2,1,0,0
sex-pain-vagina.png,68.37.167.213,2,1,0,0
supplement,68.37.167.213,5,1,0,0
treatmentsButton,68.37.167.213,4,1,0,0
try-on-your-own,68.37.167.213,5,1,0,0
common-depression.png,68.231.177.192,1,1,0,0
common-hot-flashes.png,68.231.177.192,1,1,0,0
common-insomnia.png,68.231.177.192,1,1,0,0
mind-body,68.231.177.192,1,1,0,0
other-bladder.png,68.231.177.192,1,1,0,0
other-weight-gain.png,68.231.177.192,2,1,0,0
sex-libido.png,68.231.177.192,1,1,0,0
sex-period.png,68.231.177.192,1,1,0,0
supplement,68.231.177.192,1,1,0,0
treatmentsButton,68.231.177.192,1,1,0,0
try-on-your-own,68.231.177.192,1,1,0,0
common-depression.png,68.202.78.144,1,1,0,0
common-hot-flashes.png,68.202.78.144,1,1,0,0
common-insomnia.png,68.202.78.144,1,1,0,0
other-bladder.png,68.202.78.144,1,1,0,0
other-weight-gain.png,68.202.78.144,1,1,0,0
reproductive-years-result,68.202.78.144,1,1,0,0
sex-period.png,68.202.78.144,2,1,0,0
treatmentsButton,68.202.78.144,1,1,0,0
late-menopause-transition-result,68.14.118.41,1,1,0,0
common-hot-flashes.png,68.132.107.8,1,1,0,0
common-insomnia.png,68.132.107.8,1,1,0,0
dry-eyes2.png,68.132.107.8,1,1,0,0
other-bladder.png,68.132.107.8,2,1,0,0
other-brain-fog.png,68.132.107.8,1,1,0,0
other-dryness.png,68.132.107.8,1,1,0,0
prescription-medicine,68.132.107.8,1,1,0,0
sex-libido.png,68.132.107.8,1,1,0,0
treatmentsButton,68.132.107.8,1,1,0,0
common-hot-flashes.png,68.102.65.122,2,1,0,0
sex-libido.png,68.102.65.122,1,1,0,0
sex-period.png,68.102.65.122,1,1,0,0
common-depression.png,67.82.145.227,1,1,0,0
mind-body,67.82.145.227,1,1,0,0
other-brain-fog.png,67.82.145.227,1,1,0,0
reproductive-years-result,67.82.145.227,1,1,0,0
treatmentsButton,67.82.145.227,1,1,0,0
try-on-your-own,67.82.145.227,1,1,0,0
common-depression.png,67.43.240.171,1,1,0,0
dry-eyes2.png,67.43.240.171,1,1,0,0
HIGH DEPRESSION SCORE,67.43.240.171,1,1,0,0
mind-body,67.43.240.171,1,1,0,0
only-treatments-known-to-work,67.43.240.171,1,1,0,0
other-brain-fog.png,67.43.240.171,1,1,0,0
prescription-medicine,67.43.240.171,1,1,0,0
professional-help,67.43.240.171,1,1,0,0
sex-period.png,67.43.240.171,2,1,0,0
supplement,67.43.240.171,1,1,0,0
treatmentsButton,67.43.240.171,2,1,0,0
try-on-your-own,67.43.240.171,1,1,0,0
other-bladder.png,67.233.73.73,1,1,0,0
other-weight-gain.png,67.233.73.73,1,1,0,0
treatmentsButton,67.233.73.73,1,1,0,0
common-hot-flashes.png,67.213.236.220,1,1,0,0
other-brain-fog.png,67.213.236.220,1,1,0,0
other-weight-gain.png,67.213.236.220,1,1,0,0
sex-pain-sex.png,67.213.236.220,1,1,0,0
common-hot-flashes.png,67.188.101.116,1,1,0,0
common-insomnia.png,67.188.101.116,1,1,0,0
dry-eyes2.png,67.188.101.116,1,1,0,0
only-treatments-known-to-work,67.188.101.116,1,1,0,0
prescription-medicine,67.188.101.116,1,1,0,0
sex-period.png,67.188.101.116,1,1,0,0
supplement,67.188.101.116,1,1,0,0
treatmentsButton,67.188.101.116,2,1,0,0
try-on-your-own,67.188.101.116,1,1,0,0
reproductive-years-result,67.186.32.145,1,1,0,0
common-hot-flashes.png,67.1.16.127,1,1,0,0
common-insomnia.png,67.1.16.127,1,1,0,0
other-aches-pains.png,67.1.16.127,1,1,0,0
other-bladder.png,67.1.16.127,1,1,0,0
other-brain-fog.png,67.1.16.127,1,1,0,0
prescription-medicine,67.1.16.127,1,1,0,0
supplement,67.1.16.127,1,1,0,0
treatmentsButton,67.1.16.127,2,1,0,0
try-on-your-own,67.1.16.127,1,1,0,0
uncertain-stage-result,66.38.61.218,1,1,0,0
common-insomnia.png,66.220.238.147,1,1,0,0
mind-body,66.220.238.147,1,1,0,0
only-treatments-known-to-work,66.220.238.147,1,1,0,0
other-aches-pains.png,66.220.238.147,1,1,0,0
other-bladder.png,66.220.238.147,2,1,0,0
other-brain-fog.png,66.220.238.147,1,1,0,0
post-menopausal-result,66.220.238.147,1,1,0,0
prescription-medicine,66.220.238.147,1,1,0,0
sex-libido.png,66.220.238.147,1,1,0,0
supplement,66.220.238.147,1,1,0,0
treatmentsButton,66.220.238.147,3,1,0,0
try-on-your-own,66.220.238.147,1,1,0,0
common-depression.png,65.191.169.190,1,1,0,0
other-aches-pains.png,65.191.169.190,1,1,0,0
other-bladder.png,65.191.169.190,1,1,0,0
other-dryness.png,65.191.169.190,1,1,0,0
sex-libido.png,65.191.169.190,1,1,0,0
sex-period.png,65.191.169.190,1,1,0,0
supplement,65.191.169.190,1,1,0,0
treatmentsButton,65.191.169.190,1,1,0,0
try-on-your-own,65.191.169.190,1,1,0,0
common-hot-flashes.png,65.131.24.176,1,1,0,0
common-insomnia.png,65.131.24.176,1,1,0,0
only-treatments-known-to-work,65.131.24.176,1,1,0,0
other-dryness.png,65.131.24.176,1,1,0,0
other-weight-gain.png,65.131.24.176,1,1,0,0
sex-libido.png,65.131.24.176,1,1,0,0
treatmentsButton,65.131.24.176,1,1,0,0
common-insomnia.png,64.68.238.54,1,1,0,0
common-hot-flashes.png,64.251.147.224,1,1,0,0
mind-body,64.251.147.224,1,1,0,0
only-treatments-known-to-work,64.251.147.224,1,1,0,0
other-aches-pains.png,64.251.147.224,1,1,0,0
other-bladder.png,64.251.147.224,1,1,0,0
other-dryness.png,64.251.147.224,1,1,0,0
other-weight-gain.png,64.251.147.224,1,1,0,0
supplement,64.251.147.224,1,1,0,0
treatmentsButton,64.251.147.224,1,1,0,0
try-on-your-own,64.251.147.224,1,1,0,0
common-depression.png,64.127.165.14,1,1,0,0
common-hot-flashes.png,64.127.165.14,1,1,0,0
mind-body,64.127.165.14,1,1,0,0
only-treatments-known-to-work,64.127.165.14,1,1,0,0
other-bladder.png,64.127.165.14,1,1,0,0
other-dryness.png,64.127.165.14,1,1,0,0
prescription-medicine,64.127.165.14,1,1,0,0
professional-help,64.127.165.14,1,1,0,0
sex-pain-sex.png,64.127.165.14,1,1,0,0
sex-pain-vagina.png,64.127.165.14,1,1,0,0
supplement,64.127.165.14,1,1,0,0
surgical-menopause-result,64.127.165.14,4,1,0,0
treatmentsButton,64.127.165.14,2,1,0,0
try-on-your-own,64.127.165.14,1,1,0,0
common-depression.png,50.82.40.47,1,1,0,0
common-hot-flashes.png,50.82.40.47,1,1,0,0
common-insomnia.png,50.82.40.47,1,1,0,0
dry-eyes2.png,50.82.40.47,2,1,0,0
only-treatments-known-to-work,50.82.40.47,1,1,0,0
other-brain-fog.png,50.82.40.47,1,1,0,0
other-weight-gain.png,50.82.40.47,1,1,0,0
sex-libido.png,50.82.40.47,2,1,0,0
supplement,50.82.40.47,1,1,0,0
treatmentsButton,50.82.40.47,1,1,0,0
try-on-your-own,50.82.40.47,1,1,0,0
common-depression.png,50.25.0.72,2,1,0,0
dry-eyes2.png,50.25.0.72,3,1,0,0
only-treatments-known-to-work,50.25.0.72,1,1,0,0
other-aches-pains.png,50.25.0.72,1,1,0,0
other-bladder.png,50.25.0.72,1,1,0,0
other-weight-gain.png,50.25.0.72,1,1,0,0
post-menopausal-result,50.25.0.72,2,1,0,0
sex-libido.png,50.25.0.72,2,1,0,0
supplement,50.25.0.72,1,1,0,0
treatmentsButton,50.25.0.72,1,1,0,0
uncertain-stage-result,50.25.0.72,1,1,0,0
common-depression.png,50.122.27.199,1,1,0,0
common-hot-flashes.png,50.122.27.199,1,1,0,0
common-insomnia.png,50.122.27.199,1,1,0,0
only-treatments-known-to-work,50.122.27.199,1,1,0,0
other-aches-pains.png,50.122.27.199,1,1,0,0
other-bladder.png,50.122.27.199,1,1,0,0
other-brain-fog.png,50.122.27.199,1,1,0,0
other-weight-gain.png,50.122.27.199,1,1,0,0
prescription-medicine,50.122.27.199,2,1,0,0
professional-help,50.122.27.199,4,1,0,0
reproductive-years-result,50.122.27.199,1,1,0,0
treatmentsButton,50.122.27.199,1,1,0,0
uncertain-stage-result,50.122.27.199,1,1,0,0
other-weight-gain.png,47.32.4.202,1,1,0,0
uncertain-stage-result,47.32.4.202,1,1,0,0
common-depression.png,47.226.30.185,1,1,0,0
common-hot-flashes.png,47.226.30.185,1,1,0,0
common-insomnia.png,47.226.30.185,1,1,0,0
other-aches-pains.png,47.226.30.185,1,1,0,0
other-bladder.png,47.226.30.185,1,1,0,0
other-brain-fog.png,47.226.30.185,1,1,0,0
sex-period.png,47.226.30.185,1,1,0,0
common-depression.png,47.196.175.149,1,1,0,0
common-hot-flashes.png,47.196.175.149,4,1,0,0
common-insomnia.png,47.196.175.149,1,1,0,0
other-aches-pains.png,47.196.175.149,2,1,0,0
other-brain-fog.png,47.196.175.149,2,1,0,0
other-weight-gain.png,47.196.175.149,3,1,0,0
sex-libido.png,47.196.175.149,1,1,0,0
sex-pain-sex.png,47.196.175.149,1,1,0,0
sex-pain-vagina.png,47.196.175.149,3,1,0,0
sex-period.png,47.196.175.149,1,1,0,0
treatmentsButton,47.196.175.149,5,1,0,0
common-hot-flashes.png,47.185.27.2,1,1,0,0
uncertain-stage-result,47.185.27.2,1,1,0,0
common-depression.png,45.51.188.202,1,1,0,0
common-hot-flashes.png,45.51.188.202,1,1,0,0
common-insomnia.png,45.51.188.202,1,1,0,0
only-treatments-known-to-work,45.51.188.202,2,1,0,0
other-aches-pains.png,45.51.188.202,1,1,0,0
other-bladder.png,45.51.188.202,2,1,0,0
other-dryness.png,45.51.188.202,2,1,0,0
sex-libido.png,45.51.188.202,1,1,0,0
supplement,45.51.188.202,2,1,0,0
treatmentsButton,45.51.188.202,2,1,0,0
try-on-your-own,45.51.188.202,2,1,0,0
sex-period.png,24.8.149.174,1,1,0,0
uncertain-stage-result,24.8.149.174,1,1,0,0
common-hot-flashes.png,24.63.96.210,1,1,0,0
post-menopausal-result,24.63.96.210,1,1,0,0
reproductive-years-result,24.5.177.117,1,1,0,0
sex-libido.png,24.43.123.71,2,1,0,0
sex-pain-vagina.png,24.43.123.71,1,1,0,0
treatmentsButton,24.43.123.71,2,1,0,0
common-insomnia.png,24.250.245.66,1,1,0,0
ok-for-breast-cancer,24.250.245.66,1,1,0,0
other-bladder.png,24.250.245.66,1,1,0,0
other-dryness.png,24.250.245.66,1,1,0,0
other-weight-gain.png,24.250.245.66,1,1,0,0
sex-pain-sex.png,24.250.245.66,1,1,0,0
treatmentsButton,24.250.245.66,2,1,0,0
common-depression.png,24.250.15.34,1,1,0,0
common-hot-flashes.png,24.250.15.34,1,1,0,0
common-insomnia.png,24.250.15.34,1,1,0,0
dry-eyes2.png,24.250.15.34,1,1,0,0
other-dryness.png,24.250.15.34,1,1,0,0
other-weight-gain.png,24.250.15.34,1,1,0,0
treatmentsButton,24.250.15.34,2,1,0,0
try-on-your-own,24.250.15.34,1,1,0,0
common-depression.png,24.240.58.192,1,1,0,0
common-hot-flashes.png,24.240.58.192,1,1,0,0
common-insomnia.png,24.240.58.192,1,1,0,0
only-treatments-known-to-work,24.240.58.192,1,1,0,0
other-aches-pains.png,24.240.58.192,1,1,0,0
other-bladder.png,24.240.58.192,1,1,0,0
other-brain-fog.png,24.240.58.192,1,1,0,0
other-weight-gain.png,24.240.58.192,1,1,0,0
prescription-medicine,24.240.58.192,1,1,0,0
surgical-menopause-result,24.240.58.192,1,1,0,0
treatmentsButton,24.240.58.192,3,1,0,0
uncertain-stage-result,24.237.17.179,1,1,0,0
post-menopausal-result,24.194.226.86,3,1,0,0
prescription-medicine,24.194.226.86,1,1,0,0
common-depression.png,24.190.32.242,1,1,0,0
common-hot-flashes.png,24.190.32.242,1,1,0,0
mind-body,24.190.32.242,1,1,0,0
only-treatments-known-to-work,24.190.32.242,1,1,0,0
other-dryness.png,24.190.32.242,1,1,0,0
other-weight-gain.png,24.190.32.242,1,1,0,0
sex-pain-sex.png,24.190.32.242,1,1,0,0
sex-pain-vagina.png,24.190.32.242,1,1,0,0
treatmentsButton,24.190.32.242,2,1,0,0
try-on-your-own,24.190.32.242,1,1,0,0
common-hot-flashes.png,24.169.2.9,1,1,0,0
LOW DEPRESSION SCORE,24.169.2.9,1,1,0,0
uncertain-stage-result,24.169.2.9,1,1,0,0
common-hot-flashes.png,24.154.107.20,1,1,0,0
dry-eyes2.png,24.154.107.20,1,1,0,0
late-menopause-transition-result,24.154.107.20,1,1,0,0
mind-body,24.154.107.20,1,1,0,0
only-treatments-known-to-work,24.154.107.20,1,1,0,0
other-bladder.png,24.154.107.20,1,1,0,0
other-brain-fog.png,24.154.107.20,1,1,0,0
other-weight-gain.png,24.154.107.20,1,1,0,0
prescription-medicine,24.154.107.20,1,1,0,0
professional-help,24.154.107.20,1,1,0,0
sex-pain-vagina.png,24.154.107.20,1,1,0,0
sex-period.png,24.154.107.20,1,1,0,0
supplement,24.154.107.20,1,1,0,0
treatmentsButton,24.154.107.20,2,1,0,0
try-on-your-own,24.154.107.20,1,1,0,0
common-hot-flashes.png,24.118.105.76,3,1,0,0
common-insomnia.png,24.118.105.76,2,1,0,0
late-menopause-transition-result,24.118.105.76,1,1,0,0
only-treatments-known-to-work,24.118.105.76,1,1,0,0
other-aches-pains.png,24.118.105.76,1,1,0,0
other-bladder.png,24.118.105.76,2,1,0,0
other-brain-fog.png,24.118.105.76,2,1,0,0
other-dryness.png,24.118.105.76,2,1,0,0
other-weight-gain.png,24.118.105.76,3,1,0,0
prescription-medicine,24.118.105.76,1,1,0,0
sex-libido.png,24.118.105.76,2,1,0,0
supplement,24.118.105.76,1,1,0,0
treatmentsButton,24.118.105.76,3,1,0,0
try-on-your-own,24.118.105.76,1,1,0,0
common-hot-flashes.png,24.0.99.105,2,1,0,0
common-insomnia.png,24.0.99.105,1,1,0,0
late-menopause-transition-result,24.0.99.105,1,1,0,0
mind-body,24.0.99.105,1,1,0,0
other-weight-gain.png,24.0.99.105,1,1,0,0
sex-pain-vagina.png,24.0.99.105,1,1,0,0
supplement,24.0.99.105,1,1,0,0
treatmentsButton,24.0.99.105,1,1,0,0
try-on-your-own,24.0.99.105,1,1,0,0
common-hot-flashes.png,23.84.10.87,1,1,0,0
mind-body,23.84.10.87,1,1,0,0
other-bladder.png,23.84.10.87,1,1,0,0
other-dryness.png,23.84.10.87,1,1,0,0
sex-period.png,23.84.10.87,1,1,0,0
supplement,23.84.10.87,1,1,0,0
treatmentsButton,23.84.10.87,2,1,0,0
try-on-your-own,23.84.10.87,1,1,0,0
dry-eyes2.png,23.242.78.23,1,1,0,0
uncertain-stage-result,23.242.78.23,1,1,0,0
common-depression.png,23.123.210.55,1,1,0,0
common-insomnia.png,23.123.210.55,1,1,0,0
mind-body,23.123.210.55,1,1,0,0
other-bladder.png,23.123.210.55,1,1,0,0
other-brain-fog.png,23.123.210.55,1,1,0,0
other-dryness.png,23.123.210.55,1,1,0,0
other-weight-gain.png,23.123.210.55,1,1,0,0
supplement,23.123.210.55,1,1,0,0
treatmentsButton,23.123.210.55,2,1,0,0
try-on-your-own,23.123.210.55,1,1,0,0
reproductive-years-result,23.117.99.64,1,1,0,0
common-depression.png,216.93.226.235,1,1,0,0
only-treatments-known-to-work,216.93.226.235,4,1,0,0
other-brain-fog.png,216.93.226.235,1,1,0,0
other-dryness.png,216.93.226.235,1,1,0,0
other-weight-gain.png,216.93.226.235,3,1,0,0
sex-libido.png,216.93.226.235,1,1,0,0
sex-pain-sex.png,216.93.226.235,1,1,0,0
sex-pain-vagina.png,216.93.226.235,2,1,0,0
treatmentsButton,216.93.226.235,1,1,0,0
uncertain-stage-result,216.93.226.235,1,1,0,0
common-depression.png,209.107.180.22,1,1,0,0
common-insomnia.png,209.107.180.22,1,1,0,0
only-treatments-known-to-work,209.107.180.22,1,1,0,0
other-bladder.png,209.107.180.22,1,1,0,0
treatmentsButton,209.107.180.22,1,1,0,0
common-insomnia.png,209.107.179.56,5,1,0,0
late-menopause-transition-result,209.107.179.56,1,1,0,0
only-treatments-known-to-work,209.107.179.56,1,1,0,0
other-dryness.png,209.107.179.56,1,1,0,0
other-weight-gain.png,209.107.179.56,1,1,0,0
treatmentsButton,209.107.179.56,2,1,0,0
try-on-your-own,209.107.179.56,1,1,0,0
common-depression.png,192.190.159.60,1,1,0,0
common-hot-flashes.png,192.190.159.60,1,1,0,0
late-menopause-transition-result,192.190.159.60,1,1,0,0
only-treatments-known-to-work,192.190.159.60,1,1,0,0
other-aches-pains.png,192.190.159.60,1,1,0,0
other-brain-fog.png,192.190.159.60,1,1,0,0
other-weight-gain.png,192.190.159.60,1,1,0,0
sex-libido.png,192.190.159.60,1,1,0,0
supplement,192.190.159.60,1,1,0,0
treatmentsButton,192.190.159.60,2,1,0,0
try-on-your-own,192.190.159.60,1,1,0,0
reproductive-years-result,184.97.48.228,1,1,0,0
common-insomnia.png,184.96.246.213,1,1,0,0
common-depression.png,184.62.130.147,2,1,0,0
common-hot-flashes.png,184.62.130.147,1,1,0,0
common-insomnia.png,184.62.130.147,2,1,0,0
mind-body,184.62.130.147,1,1,0,0
other-brain-fog.png,184.62.130.147,2,1,0,0
prescription-medicine,184.62.130.147,1,1,0,0
professional-help,184.62.130.147,1,1,0,0
supplement,184.62.130.147,1,1,0,0
treatmentsButton,184.62.130.147,3,1,0,0
reproductive-years-result,174.96.48.51,2,1,0,0
common-depression.png,174.86.0.207,1,1,0,0
mind-body,174.86.0.207,1,1,0,0
only-treatments-known-to-work,174.86.0.207,1,1,0,0
other-aches-pains.png,174.86.0.207,1,1,0,0
other-brain-fog.png,174.86.0.207,1,1,0,0
other-dryness.png,174.86.0.207,1,1,0,0
other-weight-gain.png,174.86.0.207,1,1,0,0
post-menopausal-result,174.86.0.207,1,1,0,0
prescription-medicine,174.86.0.207,1,1,0,0
sex-pain-vagina.png,174.86.0.207,1,1,0,0
supplement,174.86.0.207,1,1,0,0
treatmentsButton,174.86.0.207,3,1,0,0
try-on-your-own,174.86.0.207,1,1,0,0
reproductive-years-result,174.71.25.80,1,1,0,0
common-hot-flashes.png,174.249.47.115,1,1,0,0
dry-eyes2.png,174.249.47.115,1,1,0,0
other-dryness.png,174.249.47.115,1,1,0,0
post-menopausal-result,174.249.47.115,1,1,0,0
sex-libido.png,174.249.47.115,1,1,0,0
treatmentsButton,174.249.47.115,1,1,0,0
common-hot-flashes.png,174.248.57.86,1,1,0,0
other-weight-gain.png,174.248.57.86,1,1,0,0
uncertain-stage-result,174.248.57.86,1,1,0,0
weekly-hot-flash-diary.pdf,174.248.57.86,1,1,0,0
dry-eyes2.png,174.246.134.42,1,1,0,0
post-menopausal-result,174.246.134.42,1,1,0,0
common-hot-flashes.png,174.243.179.121,1,1,0,0
common-hot-flashes.png,174.242.81.27,1,1,0,0
dry-eyes2.png,174.242.81.27,1,1,0,0
only-treatments-known-to-work,174.242.81.27,1,1,0,0
other-bladder.png,174.242.81.27,1,1,0,0
other-brain-fog.png,174.242.81.27,1,1,0,0
other-dryness.png,174.242.81.27,1,1,0,0
sex-pain-vagina.png,174.242.81.27,1,1,0,0
supplement,174.242.81.27,2,1,0,0
treatmentsButton,174.242.81.27,4,1,0,0
try-on-your-own,174.242.81.27,2,1,0,0
common-depression.png,174.214.0.116,1,1,0,0
common-hot-flashes.png,174.214.0.116,1,1,0,0
dry-eyes2.png,174.214.0.116,2,1,0,0
other-aches-pains.png,174.214.0.116,2,1,0,0
other-brain-fog.png,174.214.0.116,2,1,0,0
other-dryness.png,174.214.0.116,1,1,0,0
other-weight-gain.png,174.214.0.116,1,1,0,0
sex-libido.png,174.214.0.116,2,1,0,0
sex-period.png,174.214.0.116,1,1,0,0
treatmentsButton,174.214.0.116,1,1,0,0
common-depression.png,174.211.129.240,2,1,0,0
common-insomnia.png,174.211.129.240,3,1,0,0
dry-eyes2.png,174.211.129.240,1,1,0,0
early-menopause-transition-result,174.211.129.240,1,1,0,0
mind-body,174.211.129.240,1,1,0,0
only-treatments-known-to-work,174.211.129.240,1,1,0,0
other-bladder.png,174.211.129.240,2,1,0,0
other-brain-fog.png,174.211.129.240,1,1,0,0
other-dryness.png,174.211.129.240,1,1,0,0
supplement,174.211.129.240,1,1,0,0
treatmentsButton,174.211.129.240,2,1,0,0
try-on-your-own,174.211.129.240,1,1,0,0
common-depression.png,174.210.235.168,2,1,0,0
common-hot-flashes.png,174.210.235.168,2,1,0,0
common-insomnia.png,174.210.235.168,1,1,0,0
late-menopause-transition-result,174.210.235.168,1,1,0,0
mind-body,174.210.235.168,1,1,0,0
only-treatments-known-to-work,174.210.235.168,1,1,0,0
other-aches-pains.png,174.210.235.168,1,1,0,0
other-bladder.png,174.210.235.168,2,1,0,0
other-brain-fog.png,174.210.235.168,3,1,0,0
prescription-medicine,174.210.235.168,1,1,0,0
professional-help,174.210.235.168,1,1,0,0
sex-libido.png,174.210.235.168,1,1,0,0
supplement,174.210.235.168,1,1,0,0
treatmentsButton,174.210.235.168,3,1,0,0
try-on-your-own,174.210.235.168,1,1,0,0
common-depression.png,174.202.69.23,1,1,0,0
common-hot-flashes.png,174.202.69.23,1,1,0,0
common-insomnia.png,174.202.69.23,1,1,0,0
ok-for-breast-cancer,174.202.69.23,1,1,0,0
other-aches-pains.png,174.202.69.23,1,1,0,0
other-brain-fog.png,174.202.69.23,1,1,0,0
sex-libido.png,174.202.69.23,1,1,0,0
treatmentsButton,174.202.69.23,1,1,0,0
common-depression.png,174.20.67.229,1,1,0,0
common-hot-flashes.png,174.20.67.229,1,1,0,0
common-insomnia.png,174.20.67.229,1,1,0,0
only-treatments-known-to-work,174.20.67.229,1,1,0,0
other-aches-pains.png,174.20.67.229,1,1,0,0
other-brain-fog.png,174.20.67.229,1,1,0,0
other-weight-gain.png,174.20.67.229,1,1,0,0
sex-libido.png,174.20.67.229,2,1,0,0
sex-pain-sex.png,174.20.67.229,2,1,0,0
supplement,174.20.67.229,1,1,0,0
treatmentsButton,174.20.67.229,2,1,0,0
try-on-your-own,174.20.67.229,1,1,0,0
common-insomnia.png,174.199.238.114,1,1,0,0
post-menopausal-result,174.199.238.114,1,1,0,0
reproductive-years-result,174.198.65.5,3,1,0,0
common-hot-flashes.png,174.126.154.195,1,1,0,0
common-insomnia.png,174.126.154.195,1,1,0,0
ok-for-breast-cancer,174.126.154.195,1,1,0,0
only-treatments-known-to-work,174.126.154.195,1,1,0,0
other-aches-pains.png,174.126.154.195,1,1,0,0
other-brain-fog.png,174.126.154.195,1,1,0,0
other-dryness.png,174.126.154.195,1,1,0,0
other-weight-gain.png,174.126.154.195,1,1,0,0
post-menopausal-result,174.126.154.195,1,1,0,0
supplement,174.126.154.195,1,1,0,0
treatmentsButton,174.126.154.195,3,1,0,0
try-on-your-own,174.126.154.195,2,1,0,0
common-depression.png,173.69.134.2,1,1,0,0
mind-body,173.69.134.2,1,1,0,0
only-treatments-known-to-work,173.69.134.2,2,1,0,0
other-weight-gain.png,173.69.134.2,1,1,0,0
prescription-medicine,173.69.134.2,2,1,0,0
professional-help,173.69.134.2,1,1,0,0
sex-libido.png,173.69.134.2,1,1,0,0
sex-period.png,173.69.134.2,1,1,0,0
supplement,173.69.134.2,1,1,0,0
treatmentsButton,173.69.134.2,3,1,0,0
try-on-your-own,173.69.134.2,1,1,0,0
common-hot-flashes.png,173.29.26.241,3,1,0,0
common-insomnia.png,173.29.26.241,1,1,0,0
only-treatments-known-to-work,173.29.26.241,1,1,0,0
other-aches-pains.png,173.29.26.241,1,1,0,0
other-weight-gain.png,173.29.26.241,1,1,0,0
prescription-medicine,173.29.26.241,1,1,0,0
professional-help,173.29.26.241,2,1,0,0
sex-libido.png,173.29.26.241,1,1,0,0
supplement,173.29.26.241,1,1,0,0
treatmentsButton,173.29.26.241,1,1,0,0
try-on-your-own,173.29.26.241,2,1,0,0
common-depression.png,173.29.245.134,1,1,0,0
common-hot-flashes.png,173.29.245.134,1,1,0,0
common-insomnia.png,173.29.245.134,1,1,0,0
late-menopause-transition-result,173.29.245.134,1,1,0,0
only-treatments-known-to-work,173.29.245.134,2,1,0,0
other-aches-pains.png,173.29.245.134,1,1,0,0
other-brain-fog.png,173.29.245.134,2,1,0,0
other-dryness.png,173.29.245.134,2,1,0,0
sex-period.png,173.29.245.134,1,1,0,0
treatmentsButton,173.29.245.134,1,1,0,0
try-on-your-own,173.29.245.134,1,1,0,0
common-depression.png,173.233.162.66,2,2,0,0
common-insomnia.png,173.233.162.66,2,2,0,0
other-aches-pains.png,173.233.162.66,1,1,0,0
other-brain-fog.png,173.233.162.66,1,1,0,0
other-weight-gain.png,173.233.162.66,1,1,0,0
sex-period.png,173.233.162.66,2,2,0,0
treatmentsButton,173.233.162.66,2,1,0,0
uncertain-stage-result,173.233.162.66,2,1,0,0
common-depression.png,173.2.249.174,1,1,0,0
common-hot-flashes.png,173.2.249.174,1,1,0,0
other-aches-pains.png,173.2.249.174,1,1,0,0
other-weight-gain.png,173.2.249.174,1,1,0,0
sex-libido.png,173.2.249.174,1,1,0,0
supplement,173.2.249.174,1,1,0,0
treatmentsButton,173.2.249.174,1,1,0,0
common-depression.png,172.91.219.96,1,1,0,0
common-insomnia.png,172.91.219.96,1,1,0,0
only-treatments-known-to-work,172.91.219.96,1,1,0,0
other-aches-pains.png,172.91.219.96,1,1,0,0
other-dryness.png,172.91.219.96,1,1,0,0
prescription-medicine,172.91.219.96,1,1,0,0
sex-period.png,172.91.219.96,1,1,0,0
supplement,172.91.219.96,1,1,0,0
treatmentsButton,172.91.219.96,2,1,0,0
sex-pain-sex.png,172.76.59.43,1,1,0,0
common-depression.png,172.58.70.156,2,1,0,0
mind-body,172.58.70.156,1,1,0,0
only-treatments-known-to-work,172.58.70.156,1,1,0,0
other-aches-pains.png,172.58.70.156,2,1,0,0
prescription-medicine,172.58.70.156,1,1,0,0
sex-libido.png,172.58.70.156,2,1,0,0
sex-pain-vagina.png,172.58.70.156,1,1,0,0
supplement,172.58.70.156,1,1,0,0
surgical-menopause-result,172.58.70.156,2,1,0,0
treatmentsButton,172.58.70.156,2,1,0,0
try-on-your-own,172.58.70.156,1,1,0,0
dry-eyes2.png,172.58.6.204,2,1,0,0
other-aches-pains.png,172.58.6.204,1,1,0,0
sex-pain-sex.png,172.58.6.204,1,1,0,0
common-insomnia.png,172.58.44.251,1,1,0,0
dry-eyes2.png,172.58.44.251,1,1,0,0
only-treatments-known-to-work,172.58.44.251,1,1,0,0
other-aches-pains.png,172.58.44.251,1,1,0,0
other-brain-fog.png,172.58.44.251,1,1,0,0
other-dryness.png,172.58.44.251,1,1,0,0
other-weight-gain.png,172.58.44.251,1,1,0,0
reproductive-years-result,172.58.44.251,1,1,0,0
sex-period.png,172.58.44.251,1,1,0,0
treatmentsButton,172.58.44.251,2,1,0,0
try-on-your-own,172.58.44.251,1,1,0,0
early-menopause-transition-result,172.58.36.197,1,1,0,0
other-brain-fog.png,172.58.236.51,1,1,0,0
prescription-medicine,172.58.236.51,3,1,0,0
sex-libido.png,172.58.236.51,1,1,0,0
sex-pain-vagina.png,172.58.236.51,1,1,0,0
sex-period.png,172.58.236.51,1,1,0,0
treatmentsButton,172.58.236.51,3,1,0,0
common-depression.png,172.58.23.222,1,1,0,0
common-insomnia.png,172.58.23.222,1,1,0,0
only-treatments-known-to-work,172.58.23.222,1,1,0,0
other-dryness.png,172.58.23.222,1,1,0,0
other-weight-gain.png,172.58.23.222,1,1,0,0
sex-period.png,172.58.23.222,1,1,0,0
supplement,172.58.23.222,1,1,0,0
treatmentsButton,172.58.23.222,2,1,0,0
common-hot-flashes.png,172.58.220.43,1,1,0,0
common-insomnia.png,172.58.220.43,1,1,0,0
sex-libido.png,172.58.220.43,1,1,0,0
other-bladder.png,172.58.207.135,1,1,0,0
other-weight-gain.png,172.58.207.135,1,1,0,0
post-menopausal-result,172.58.207.135,1,1,0,0
sex-libido.png,172.58.207.135,1,1,0,0
sex-pain-sex.png,172.58.207.135,1,1,0,0
common-hot-flashes.png,172.58.203.173,1,1,0,0
common-depression.png,172.58.19.143,2,1,0,0
common-insomnia.png,172.58.19.143,1,1,0,0
mind-body,172.58.19.143,1,1,0,0
only-treatments-known-to-work,172.58.19.143,1,1,0,0
other-aches-pains.png,172.58.19.143,1,1,0,0
other-brain-fog.png,172.58.19.143,1,1,0,0
other-weight-gain.png,172.58.19.143,1,1,0,0
prescription-medicine,172.58.19.143,2,1,0,0
sex-libido.png,172.58.19.143,1,1,0,0
sex-pain-vagina.png,172.58.19.143,1,1,0,0
supplement,172.58.19.143,1,1,0,0
treatmentsButton,172.58.19.143,2,1,0,0
reproductive-years-result,172.58.187.101,1,1,0,0
common-depression.png,172.58.139.36,1,1,0,0
common-hot-flashes.png,172.58.139.36,1,1,0,0
common-insomnia.png,172.58.139.36,1,1,0,0
mind-body,172.58.139.36,2,1,0,0
only-treatments-known-to-work,172.58.139.36,1,1,0,0
other-aches-pains.png,172.58.139.36,2,1,0,0
other-brain-fog.png,172.58.139.36,3,1,0,0
other-weight-gain.png,172.58.139.36,2,1,0,0
prescription-medicine,172.58.139.36,2,1,0,0
professional-help,172.58.139.36,2,1,0,0
sex-libido.png,172.58.139.36,1,1,0,0
supplement,172.58.139.36,4,1,0,0
treatmentsButton,172.58.139.36,1,1,0,0
try-on-your-own,172.58.139.36,2,1,0,0
common-depression.png,172.58.139.108,1,1,0,0
common-hot-flashes.png,172.58.139.108,1,1,0,0
other-aches-pains.png,172.58.139.108,1,1,0,0
other-bladder.png,172.58.139.108,1,1,0,0
other-brain-fog.png,172.58.139.108,1,1,0,0
sex-libido.png,172.58.139.108,1,1,0,0
sex-period.png,172.58.139.108,1,1,0,0
dry-eyes2.png,172.58.137.217,1,1,0,0
late-menopause-transition-result,172.58.137.217,1,1,0,0
only-treatments-known-to-work,172.58.137.217,1,1,0,0
other-aches-pains.png,172.58.137.217,1,1,0,0
other-dryness.png,172.58.137.217,1,1,0,0
prescription-medicine,172.58.137.217,2,1,0,0
sex-pain-vagina.png,172.58.137.217,1,1,0,0
supplement,172.58.137.217,2,1,0,0
treatmentsButton,172.58.137.217,1,1,0,0
surgical-menopause-result,172.58.111.155,3,1,0,0
common-depression.png,172.56.42.95,1,1,0,0
common-insomnia.png,172.56.42.95,2,1,0,0
dry-eyes2.png,172.56.42.95,1,1,0,0
mind-body,172.56.42.95,1,1,0,0
only-treatments-known-to-work,172.56.42.95,1,1,0,0
other-aches-pains.png,172.56.42.95,1,1,0,0
other-weight-gain.png,172.56.42.95,1,1,0,0
prescription-medicine,172.56.42.95,2,1,0,0
professional-help,172.56.42.95,1,1,0,0
SUB-THRESHOLD INSOMNIA,172.56.42.95,1,1,0,0
supplement,172.56.42.95,1,1,0,0
treatmentsButton,172.56.42.95,1,1,0,0
try-on-your-own,172.56.42.95,1,1,0,0
common-hot-flashes.png,172.56.42.87,1,1,0,0
uncertain-stage-result,172.56.42.87,1,1,0,0
common-depression.png,172.56.30.114,1,1,0,0
dry-eyes2.png,172.56.30.114,1,1,0,0
other-brain-fog.png,172.56.30.114,1,1,0,0
other-dryness.png,172.56.30.114,1,1,0,0
other-weight-gain.png,172.56.30.114,1,1,0,0
sex-libido.png,172.56.30.114,1,1,0,0
treatmentsButton,172.56.30.114,1,1,0,0
uncertain-stage-result,172.56.30.114,4,1,0,0
other-bladder.png,172.56.13.86,1,1,0,0
reproductive-years-result,172.56.13.86,1,1,0,0
sex-libido.png,172.56.13.86,1,1,0,0
sex-period.png,172.56.13.86,1,1,0,0
common-hot-flashes.png,172.56.12.176,1,1,0,0
common-insomnia.png,172.56.12.176,1,1,0,0
common-depression.png,172.221.114.222,2,1,0,0
common-insomnia.png,172.221.114.222,2,1,0,0
dry-eyes2.png,172.221.114.222,1,1,0,0
mind-body,172.221.114.222,1,1,0,0
other-aches-pains.png,172.221.114.222,2,1,0,0
other-dryness.png,172.221.114.222,1,1,0,0
other-weight-gain.png,172.221.114.222,2,1,0,0
reproductive-years-result,172.221.114.222,1,1,0,0
sex-pain-vagina.png,172.221.114.222,1,1,0,0
supplement,172.221.114.222,1,1,0,0
treatmentsButton,172.221.114.222,1,1,0,0
try-on-your-own,172.221.114.222,1,1,0,0
uncertain-stage-result,166.181.82.19,3,1,0,0
common-hot-flashes.png,162.229.22.2,1,1,0,0
common-insomnia.png,162.229.22.2,1,1,0,0
common-depression.png,162.222.31.52,1,1,0,0
common-hot-flashes.png,162.222.31.52,1,1,0,0
common-insomnia.png,162.222.31.52,1,1,0,0
mind-body,162.222.31.52,1,1,0,0
only-treatments-known-to-work,162.222.31.52,1,1,0,0
other-aches-pains.png,162.222.31.52,1,1,0,0
other-dryness.png,162.222.31.52,1,1,0,0
other-weight-gain.png,162.222.31.52,1,1,0,0
prescription-medicine,162.222.31.52,1,1,0,0
professional-help,162.222.31.52,1,1,0,0
sex-libido.png,162.222.31.52,1,1,0,0
supplement,162.222.31.52,3,1,0,0
treatmentsButton,162.222.31.52,1,1,0,0
try-on-your-own,162.222.31.52,1,1,0,0
common-hot-flashes.png,162.218.220.231,1,1,0,0
mind-body,162.218.220.231,2,1,0,0
only-treatments-known-to-work,162.218.220.231,2,1,0,0
other-brain-fog.png,162.218.220.231,1,1,0,0
reproductive-years-result,162.218.220.231,2,1,0,0
supplement,162.218.220.231,2,1,0,0
treatmentsButton,162.218.220.231,1,1,0,0
try-on-your-own,162.218.220.231,2,1,0,0
common-depression.png,151.197.230.4,2,1,0,0
common-hot-flashes.png,151.197.230.4,2,1,0,0
only-treatments-known-to-work,151.197.230.4,1,1,0,0
other-brain-fog.png,151.197.230.4,1,1,0,0
prescription-medicine,151.197.230.4,1,1,0,0
sex-period.png,151.197.230.4,1,1,0,0
supplement,151.197.230.4,1,1,0,0
treatmentsButton,151.197.230.4,1,1,0,0
try-on-your-own,151.197.230.4,1,1,0,0
common-hot-flashes.png,147.92.18.9,1,1,0,0
sex-period.png,147.92.18.9,1,1,0,0
uncertain-stage-result,147.92.18.9,1,1,0,0
common-insomnia.png,141.156.128.117,1,1,0,0
sex-period.png,141.156.128.117,1,1,0,0
common-depression.png,140.186.252.50,2,1,0,0
common-hot-flashes.png,140.186.252.50,1,1,0,0
common-insomnia.png,140.186.252.50,2,1,0,0
other-aches-pains.png,140.186.252.50,1,1,0,0
other-brain-fog.png,140.186.252.50,1,1,0,0
other-weight-gain.png,140.186.252.50,2,1,0,0
sex-libido.png,140.186.252.50,2,1,0,0
sex-pain-vagina.png,140.186.252.50,2,1,0,0
treatmentsButton,140.186.252.50,1,1,0,0
common-hot-flashes.png,137.83.68.106,1,1,0,0
common-insomnia.png,137.83.68.106,1,1,0,0
dry-eyes2.png,137.83.68.106,1,1,0,0
other-aches-pains.png,137.83.68.106,2,1,0,0
other-weight-gain.png,137.83.68.106,1,1,0,0
sex-libido.png,137.83.68.106,3,1,0,0
sex-pain-vagina.png,137.83.68.106,1,1,0,0
treatmentsButton,137.83.68.106,2,1,0,0
uncertain-stage-result,137.83.68.106,1,1,0,0
pre-menopausal-result,136.56.102.125,1,1,0,0
common-depression.png,136.49.55.129,1,1,0,0
other-brain-fog.png,136.49.55.129,1,1,0,0
other-dryness.png,136.49.55.129,1,1,0,0
pre-menopausal-result,136.49.55.129,2,2,0,0
treatmentsButton,136.49.55.129,1,1,0,0
uncertain-stage-result,136.49.55.129,1,1,0,0
common-depression.png,136.34.91.100,1,1,0,0
common-hot-flashes.png,136.34.91.100,1,1,0,0
common-insomnia.png,136.34.91.100,1,1,0,0
other-aches-pains.png,136.34.91.100,1,1,0,0
other-bladder.png,136.34.91.100,1,1,0,0
other-brain-fog.png,136.34.91.100,1,1,0,0
sex-period.png,135.129.115.46,1,1,0,0
mind-body,108.52.130.168,1,1,0,0
only-treatments-known-to-work,108.52.130.168,1,1,0,0
other-aches-pains.png,108.52.130.168,2,1,0,0
other-bladder.png,108.52.130.168,2,1,0,0
other-brain-fog.png,108.52.130.168,1,1,0,0
other-dryness.png,108.52.130.168,1,1,0,0
supplement,108.52.130.168,1,1,0,0
treatmentsButton,108.52.130.168,1,1,0,0
try-on-your-own,108.52.130.168,1,1,0,0
common-depression.png,108.30.127.130,2,1,0,0
common-hot-flashes.png,108.30.127.130,1,1,0,0
common-insomnia.png,108.30.127.130,1,1,0,0
dry-eyes2.png,108.30.127.130,1,1,0,0
late-menopause-transition-result,108.30.127.130,2,1,0,0
other-brain-fog.png,108.30.127.130,1,1,0,0
other-weight-gain.png,108.30.127.130,1,1,0,0
sex-libido.png,108.30.127.130,1,1,0,0
treatmentsButton,108.30.127.130,3,1,0,0
uncertain-stage-result,108.30.127.130,2,1,0,0
common-depression.png,108.28.65.24,1,1,0,0
common-hot-flashes.png,108.28.65.24,1,1,0,0
common-insomnia.png,108.28.65.24,2,1,0,0
other-aches-pains.png,108.28.65.24,1,1,0,0
other-brain-fog.png,108.28.65.24,1,1,0,0
other-weight-gain.png,108.28.65.24,1,1,0,0
prescription-medicine,108.28.65.24,2,1,0,0
sex-period.png,108.28.65.24,1,1,0,0
supplement,108.28.65.24,1,1,0,0
treatmentsButton,108.28.65.24,1,1,0,0
common-insomnia.png,108.234.124.199,4,1,0,0
dry-eyes2.png,108.234.124.199,4,1,0,0
mind-body,108.234.124.199,1,1,0,0
only-treatments-known-to-work,108.234.124.199,1,1,0,0
other-bladder.png,108.234.124.199,4,1,0,0
other-brain-fog.png,108.234.124.199,5,1,0,0
other-dryness.png,108.234.124.199,4,1,0,0
prescription-medicine,108.234.124.199,4,1,0,0
professional-help,108.234.124.199,4,1,0,0
sex-pain-vagina.png,108.234.124.199,5,1,0,0
supplement,108.234.124.199,4,1,0,0
treatmentsButton,108.234.124.199,11,1,0,0
try-on-your-own,108.234.124.199,4,1,0,0
uncertain-stage-result,108.234.124.199,1,1,0,0
common-hot-flashes.png,108.215.130.45,1,1,0,0
common-insomnia.png,108.215.130.45,1,1,0,0
dry-eyes2.png,108.213.221.15,2,1,0,0
mind-body,108.213.221.15,2,1,0,0
other-aches-pains.png,108.213.221.15,2,1,0,0
other-bladder.png,108.213.221.15,2,1,0,0
other-brain-fog.png,108.213.221.15,2,1,0,0
other-dryness.png,108.213.221.15,2,1,0,0
other-weight-gain.png,108.213.221.15,2,1,0,0
supplement,108.213.221.15,2,1,0,0
treatmentsButton,108.213.221.15,4,1,0,0
try-on-your-own,108.213.221.15,1,1,0,0
common-depression.png,108.202.117.72,1,1,0,0
common-hot-flashes.png,108.202.117.72,1,1,0,0
common-insomnia.png,108.202.117.72,2,1,0,0
mind-body,108.202.117.72,1,1,0,0
other-dryness.png,108.202.117.72,1,1,0,0
other-weight-gain.png,108.202.117.72,1,1,0,0
reproductive-years-result,108.202.117.72,1,1,0,0
sex-period.png,108.202.117.72,1,1,0,0
supplement,108.202.117.72,1,1,0,0
treatmentsButton,108.202.117.72,2,1,0,0
try-on-your-own,108.202.117.72,1,1,0,0
uncertain-stage-result,108.195.7.70,1,1,0,0
common-depression.png,107.77.208.231,1,1,0,0
common-insomnia.png,107.77.208.231,1,1,0,0
mind-body,107.77.208.231,1,1,0,0
only-treatments-known-to-work,107.77.208.231,1,1,0,0
other-bladder.png,107.77.208.231,1,1,0,0
other-brain-fog.png,107.77.208.231,1,1,0,0
other-dryness.png,107.77.208.231,2,1,0,0
prescription-medicine,107.77.208.231,1,1,0,0
sex-pain-vagina.png,107.77.208.231,3,1,0,0
supplement,107.77.208.231,1,1,0,0
treatmentsButton,107.77.208.231,3,1,0,0
try-on-your-own,107.77.208.231,1,1,0,0
common-hot-flashes.png,107.77.207.231,1,1,0,0
other-bladder.png,107.77.207.231,2,1,0,0
common-depression.png,107.77.204.226,2,2,0,0
common-insomnia.png,107.77.204.226,3,2,0,0
dry-eyes2.png,107.77.204.226,1,1,0,0
late-menopause-transition-result,107.77.204.226,1,1,0,0
other-aches-pains.png,107.77.204.226,2,1,0,0
other-brain-fog.png,107.77.204.226,1,1,0,0
other-weight-gain.png,107.77.204.226,2,1,0,0
prescription-medicine,107.77.204.226,1,1,0,0
sex-libido.png,107.77.204.226,1,1,0,0
treatmentsButton,107.77.204.226,5,1,0,0
post-menopausal-result,107.77.196.108,3,1,0,0
prescription-medicine,107.77.196.108,1,1,0,0
dry-eyes2.png,107.77.194.211,1,1,0,0
other-aches-pains.png,107.77.194.211,1,1,0,0
common-insomnia.png,107.77.169.36,1,1,0,0
other-bladder.png,107.77.169.36,1,1,0,0
other-weight-gain.png,107.77.169.36,1,1,0,0
prescription-medicine,107.77.169.36,1,1,0,0
sex-pain-sex.png,107.77.169.36,1,1,0,0
sex-pain-vagina.png,107.77.169.36,1,1,0,0
supplement,107.77.169.36,1,1,0,0
treatmentsButton,107.77.169.36,3,1,0,0
try-on-your-own,107.77.169.36,1,1,0,0
common-depression.png,107.242.113.64,2,2,0,0
mind-body,107.242.113.64,1,1,0,0
only-treatments-known-to-work,107.242.113.64,1,1,0,0
other-aches-pains.png,107.242.113.64,2,1,0,0
other-bladder.png,107.242.113.64,2,1,0,0
other-weight-gain.png,107.242.113.64,2,1,0,0
sex-libido.png,107.242.113.64,3,1,0,0
sex-period.png,107.242.113.64,3,1,0,0
supplement,107.242.113.64,1,1,0,0
treatmentsButton,107.242.113.64,4,1,0,0
try-on-your-own,107.242.113.64,1,1,0,0
common-depression.png,107.207.246.122,1,1,0,0
common-hot-flashes.png,107.207.246.122,1,1,0,0
common-insomnia.png,107.207.246.122,1,1,0,0
other-bladder.png,107.207.246.122,1,1,0,0
sex-libido.png,107.207.246.122,1,1,0,0
sex-period.png,107.207.246.122,2,1,0,0
common-depression.png,107.204.168.21,10,1,0,0
dry-eyes2.png,107.204.168.21,3,1,0,0
mind-body,107.204.168.21,2,1,0,0
only-treatments-known-to-work,107.204.168.21,2,1,0,0
other-aches-pains.png,107.204.168.21,3,1,0,0
other-bladder.png,107.204.168.21,2,1,0,0
other-brain-fog.png,107.204.168.21,2,1,0,0
other-dryness.png,107.204.168.21,3,1,0,0
other-weight-gain.png,107.204.168.21,3,1,0,0
post-menopausal-result,107.204.168.21,2,1,0,0
sex-pain-sex.png,107.204.168.21,3,1,0,0
supplement,107.204.168.21,2,1,0,0
treatmentsButton,107.204.168.21,6,1,0,0
try-on-your-own,107.204.168.21,2,1,0,0
common-depression.png,107.2.232.15,1,1,0,0
common-insomnia.png,107.2.232.15,1,1,0,0
other-aches-pains.png,107.2.232.15,1,1,0,0
other-brain-fog.png,107.2.232.15,1,1,0,0
other-dryness.png,107.2.232.15,1,1,0,0
other-weight-gain.png,107.2.232.15,1,1,0,0
prescription-medicine,107.2.232.15,1,1,0,0
treatmentsButton,107.2.232.15,1,1,0,0
common-hot-flashes.png,107.136.61.184,1,1,0,0
post-menopausal-result,107.126.100.27,1,1,0,0
treatmentsButton,107.126.100.27,1,1,0,0
common-depression.png,107.12.183.250,1,1,0,0
dry-eyes2.png,107.12.183.250,1,1,0,0
mind-body,107.12.183.250,1,1,0,0
other-aches-pains.png,107.12.183.250,1,1,0,0
other-brain-fog.png,107.12.183.250,1,1,0,0
other-dryness.png,107.12.183.250,1,1,0,0
other-weight-gain.png,107.12.183.250,2,1,0,0
professional-help,107.12.183.250,1,1,0,0
sex-period.png,107.12.183.250,1,1,0,0
supplement,107.12.183.250,1,1,0,0
treatmentsButton,107.12.183.250,2,1,0,0
try-on-your-own,107.12.183.250,1,1,0,0
uncertain-stage-result,107.10.231.221,1,1,0,0
common-hot-flashes.png,104.8.80.79,1,1,0,0
common-insomnia.png,104.8.80.79,1,1,0,0
late-menopause-transition-result,104.8.80.79,1,1,0,0
only-treatments-known-to-work,104.8.80.79,1,1,0,0
other-aches-pains.png,104.8.80.79,1,1,0,0
other-bladder.png,104.8.80.79,1,1,0,0
other-weight-gain.png,104.8.80.79,1,1,0,0
prescription-medicine,104.8.80.79,1,1,0,0
sex-period.png,104.8.80.79,1,1,0,0
supplement,104.8.80.79,1,1,0,0
treatmentsButton,104.8.80.79,2,1,0,0
try-on-your-own,104.8.80.79,1,1,0,0
common-depression.png,104.7.29.81,1,1,0,0
other-aches-pains.png,104.7.29.81,1,1,0,0
other-bladder.png,104.7.29.81,1,1,0,0
other-brain-fog.png,104.7.29.81,1,1,0,0
other-weight-gain.png,104.7.29.81,1,1,0,0
sex-libido.png,104.7.29.81,1,1,0,0
supplement,104.7.29.81,1,1,0,0
treatmentsButton,104.7.29.81,1,1,0,0
try-on-your-own,104.7.29.81,1,1,0,0
common-hot-flashes.png,104.57.157.1,1,1,0,0
common-hot-flashes.png,104.4.139.57,1,1,0,0
common-insomnia.png,104.4.139.57,1,1,0,0
dry-eyes2.png,104.4.139.57,1,1,0,0
late-menopause-transition-result,104.4.139.57,2,1,0,0
other-aches-pains.png,104.4.139.57,2,1,0,0
sex-libido.png,104.4.139.57,1,1,0,0
supplement,104.4.139.57,2,1,0,0
treatmentsButton,104.4.139.57,1,1,0,0
try-on-your-own,104.4.139.57,1,1,0,0
reproductive-years-result,104.34.140.196,2,1,0,0
common-depression.png,100.35.149.7,1,1,0,0
mind-body,100.35.149.7,1,1,0,0
ok-for-breast-cancer,100.35.149.7,1,1,0,0
only-treatments-known-to-work,100.35.149.7,1,1,0,0
other-aches-pains.png,100.35.149.7,1,1,0,0
prescription-medicine,100.35.149.7,1,1,0,0
professional-help,100.35.149.7,1,1,0,0
sex-libido.png,100.35.149.7,1,1,0,0
sex-pain-vagina.png,100.35.149.7,1,1,0,0
supplement,100.35.149.7,1,1,0,0
treatmentsButton,100.35.149.7,4,1,0,0
try-on-your-own,100.35.149.7,1,1,0,0
common-depression.png,100.1.210.47,1,1,0,0
mind-body,100.1.210.47,2,1,0,0
other-bladder.png,100.1.210.47,1,1,0,0
other-brain-fog.png,100.1.210.47,1,1,0,0
other-dryness.png,100.1.210.47,1,1,0,0
other-weight-gain.png,100.1.210.47,1,1,0,0
prescription-medicine,100.1.210.47,3,1,0,0
sex-libido.png,100.1.210.47,1,1,0,0
sex-pain-sex.png,100.1.210.47,1,1,0,0
sex-pain-vagina.png,100.1.210.47,1,1,0,0
supplement,100.1.210.47,3,1,0,0
treatmentsButton,100.1.210.47,7,1,0,0
try-on-your-own,100.1.210.47,3,1,0,0
,,"2,619","1,836",0,0
,,,,,
Day Index,Total Events,,,,
9/24/2021,321,,,,
9/25/2021,327,,,,
9/26/2021,689,,,,
9/27/2021,298,,,,
9/28/2021,105,,,,
9/29/2021,58,,,,
9/30/2021,297,,,,
10/1/2021,234,,,,
10/2/2021,254,,,,
10/3/2021,110,,,,
10/4/2021,79,,,,
10/5/2021,5,,,,
10/6/2021,121,,,,
10/7/2021,44,,,,
,"2,942",,,,
