StartDate,EndDate,Status,IPAddress,Progress,Duration (in seconds),Finished,RecordedDate,ResponseId,RecipientLastName,RecipientFirstName,RecipientEmail,ExternalReference,LocationLatitude,LocationLongitude,DistributionChannel,UserLanguage,Q_RecaptchaScore,Q2,Q30_First Click,Q30_Last Click,Q30_Page Submit,Q30_Click Count,Q4,Q5,Q6,Q7,Q8,Q9,Q10,Q11,Q12,Q13_1,Q13_2,Q13_3,Q13_4,Q13_5,Q13_6,Q14_1,Q14_2,Q14_3,Q14_4,Q14_5,Q14_6,Q15,Q16,Q17,Q18,Q19,Q20,Q21,Q22,Q23,Q24,Q25,Q27,Q28
Start Date,End Date,Response Type,IP Address,Progress,Duration (in seconds),Finished,Recorded Date,Response ID,Recipient Last Name,Recipient First Name,Recipient Email,External Data Reference,Location Latitude,Location Longitude,Distribution Channel,User Language,Q_RecaptchaScore,"By clicking “You agree” below you are indicating that you are at least 18 years old, have read this consent form, and agree to participate in this research study. (You may print a copy of this page for your records.)",Timing - First Click,Timing - Last Click,Timing - Page Submit,Timing - Click Count,"Thanks for checking out our website!

(It's here, if you need it again.)

 

Please rate how much you agree or disagree with the following statements about the My Menoplan Website.

 

I liked the website.",I found the website easy to use.,I found the information I was looking for.,I am satisfied with the experience I had on the website.,What stage of menopause are you in?,Which of the following menopause symptoms do you have? (CHECK ALL THAT APPLY),What are your other symptoms? (PLEASE TYPE),7.	What were your main reason(s) for coming to the My MenoPlan web site? (Other than to help us!) (CHECK ALL THAT APPLY),What are you other reasons for using the website? (PLEASE TYPE),Please rate your level of interest in each section of the MyMenoPlan Website. - About Menopause,Please rate your level of interest in each section of the MyMenoPlan Website. - Menopause Symptoms,Please rate your level of interest in each section of the MyMenoPlan Website. - Menopause Treatments,Please rate your level of interest in each section of the MyMenoPlan Website. - Who We Are,Please rate your level of interest in each section of the MyMenoPlan Website. - Create Your Menoplan,Please rate your level of interest in each section of the MyMenoPlan Website. - Women's Stories,Please rate how useful or not useful you found each section of the MyMenoPlan website. - About Menopause,Please rate how useful or not useful you found each section of the MyMenoPlan website. - Menopause Symptoms,Please rate how useful or not useful you found each section of the MyMenoPlan website. - Menopause Treatments,Please rate how useful or not useful you found each section of the MyMenoPlan website. - Who We Are,Please rate how useful or not useful you found each section of the MyMenoPlan website. - Create Your Menoplan,Please rate how useful or not useful you found each section of the MyMenoPlan website. - Women's Stories,"Please rate how much you agree or disagree with each of the following statements about the My Menoplan website.
 

The website increased my knowledge about menopause, its symptoms, and treatments.",I trust the information on the website.,I will recommend MyMenoPlan to my friends and family.,I am going to talk to my health care provider about the information on the website.,"Based on information in the website, I am considering new ways to manage my perimenopause/menopause symptoms.",I am closer to deciding which coping strategies / treatments to try.,I am better informed about the benefits and risks of coping strategies and treatments that I am considering using or am already using.,I am more certain about what is most important to me in making a decision about coping strategies or treatments I could try.,"Which of these tools on the website did you use or download, if any? (check all that apply)",Please select your age range:,How would you describe your gender?,How would you describe yourself. (SELECT ALL THAT APPLY),We welcome your feedback. What did you like best? Is there anything we should change about the website?  What could we do better? Questions about menopause we didn't address? Please be specific.
"{""ImportId"":""startDate"",""timeZone"":""America/Denver""}","{""ImportId"":""endDate"",""timeZone"":""America/Denver""}","{""ImportId"":""status""}","{""ImportId"":""ipAddress""}","{""ImportId"":""progress""}","{""ImportId"":""duration""}","{""ImportId"":""finished""}","{""ImportId"":""recordedDate"",""timeZone"":""America/Denver""}","{""ImportId"":""_recordId""}","{""ImportId"":""recipientLastName""}","{""ImportId"":""recipientFirstName""}","{""ImportId"":""recipientEmail""}","{""ImportId"":""externalDataReference""}","{""ImportId"":""locationLatitude""}","{""ImportId"":""locationLongitude""}","{""ImportId"":""distributionChannel""}","{""ImportId"":""userLanguage""}","{""ImportId"":""Q_RecaptchaScore""}","{""ImportId"":""QID2""}","{""ImportId"":""QID35_FIRST_CLICK""}","{""ImportId"":""QID35_LAST_CLICK""}","{""ImportId"":""QID35_PAGE_SUBMIT""}","{""ImportId"":""QID35_CLICK_COUNT""}","{""ImportId"":""QID4""}","{""ImportId"":""QID5""}","{""ImportId"":""QID6""}","{""ImportId"":""QID7""}","{""ImportId"":""QID8""}","{""ImportId"":""QID9""}","{""ImportId"":""QID10_TEXT""}","{""ImportId"":""QID11""}","{""ImportId"":""QID12_TEXT""}","{""ImportId"":""QID13_1""}","{""ImportId"":""QID13_2""}","{""ImportId"":""QID13_3""}","{""ImportId"":""QID13_4""}","{""ImportId"":""QID13_5""}","{""ImportId"":""QID13_6""}","{""ImportId"":""QID15_1""}","{""ImportId"":""QID15_2""}","{""ImportId"":""QID15_3""}","{""ImportId"":""QID15_4""}","{""ImportId"":""QID15_5""}","{""ImportId"":""QID15_6""}","{""ImportId"":""QID17""}","{""ImportId"":""QID18""}","{""ImportId"":""QID19""}","{""ImportId"":""QID34""}","{""ImportId"":""QID20""}","{""ImportId"":""QID21""}","{""ImportId"":""QID22""}","{""ImportId"":""QID23""}","{""ImportId"":""QID25""}","{""ImportId"":""QID26""}","{""ImportId"":""QID27""}","{""ImportId"":""QID29""}","{""ImportId"":""QID30_TEXT""}"
2021-08-22 18:36:30,2021-08-22 20:11:32,0,45.19.157.207,100,5702,1,2021-08-22 20:11:33,R_1QFA4zLe4AkrWMh,,,,,36.0944061279296875,-95.97170257568359375,anonymous,EN,1,1,0,0,7.475,0,2,2,2,2,2,"1,2,3,5,12,11,9,10,18,20,14,19",,2,,2,2,1,2,2,3,2,1,2,1,2,4,2,2,3,2,2,2,2,2,10,6,5,9,
2021-08-24 18:51:27,2021-08-24 18:51:45,0,72.26.4.168,100,18,1,2021-08-24 18:51:45,R_9ufPZIZVJFdrfaN,,,,,30.35870361328125,-95.685699462890625,anonymous,EN,1,2,,,,,,,,,,,,,,,,,,,,,,,,,,,,,,,,,,,,,,
2021-08-24 20:49:37,2021-08-24 21:13:22,0,73.25.207.216,100,1424,1,2021-08-24 21:13:22,R_1pycEMxjrCdrC2e,,,,,45.440704345703125,-122.779205322265625,anonymous,EN,0.89999997615814208984375,1,7.124,341.592,385.004,2,2,2,3,3,2,"3,5,6,7,11,17,18,20,14",,"3,2,8",,1,1,1,1,1,1,2,2,2,2,2,2,2,2,3,2,2,3,2,2,"9,5",6,5,9,"I appreciate the clear information about menopause symptoms and treatment.  I felt that the information and resources available a good stepping off point for doing more research.  I would have liked more links to more thorough resources for treatments.  "
2021-08-24 22:23:56,2021-08-24 22:34:34,0,73.15.53.75,100,638,1,2021-08-24 22:34:34,R_2QmweUy9zqxO6Uf,,,,,37.341705322265625,-121.9752960205078125,anonymous,EN,0.89999997615814208984375,1,10.31,332.812,333.831,5,4,3,4,3,2,"1,2,3,12",,6,When will I finally be done with my period,1,2,3,3,3,2,2,2,4,4,4,2,4,3,4,4,4,4,4,4,10,6,5,9,"The term skipped period can be confusing for women using Fertility Awareness Methods. I just had 72 day cycle. My period wasn't ""late"", my ovaries just took their sweet time popping an egg this cycle. A more quantitative again, like cycle length of 45+ or 60+ days or something might be better. "
2021-08-24 22:49:40,2021-08-24 23:15:47,0,73.169.236.53,100,1567,1,2021-08-24 23:15:47,R_PMv9v9cFnWFcWqd,,,,,47.6656951904296875,-117.22509765625,anonymous,EN,0.89999997615814208984375,1,13.949,13.949,1187.949,1,2,1,2,1,3,"1,2,3,5,6,7,11,17,18,15",,"2,5,4",,2,1,1,2,2,2,2,1,2,2,2,2,1,1,1,,2,2,2,2,10,7,5,9,
2021-08-20 14:41:03,2021-08-20 14:41:58,0,75.135.179.58,10,55,0,2021-08-27 14:41:58,R_ONKByGtVbiX7kDT,,,,,,,anonymous,EN,1,1,,,,,,,,,,,,,,,,,,,,,,,,,,,,,,,,,,,,,,
2021-08-20 16:00:03,2021-08-20 16:00:27,0,75.135.179.58,7,23,0,2021-08-27 16:00:28,R_31SNQDMal3tRLQK,,,,,,,anonymous,EN,1,1,,,,,,,,,,,,,,,,,,,,,,,,,,,,,,,,,,,,,,
2021-08-20 15:46:44,2021-08-20 17:56:06,0,75.135.179.58,7,7762,0,2021-08-27 17:56:06,R_XGowd9gxjcsAjQJ,,,,,,,anonymous,EN,1,1,,,,,,,,,,,,,,,,,,,,,,,,,,,,,,,,,,,,,,
2021-08-27 18:12:19,2021-08-27 18:15:11,0,108.213.205.11,100,172,1,2021-08-27 18:15:12,R_2q4pl0cfD21zzU2,,,,,32.975799560546875,-80.18689727783203125,anonymous,EN,0.89999997615814208984375,1,4.188,6.42,7.497,2,2,2,2,2,1,"5,19",,1,,1,1,1,1,1,1,,,,,,,1,1,1,1,,,1,1,"9,10,7",6,5,6,kortneeh@hotmail.com
2021-08-27 20:31:04,2021-08-27 20:35:15,0,24.20.80.10,100,251,1,2021-08-27 20:35:15,R_BVqG4fJhleFoAJH,,,,,45.4803924560546875,-122.5890960693359375,anonymous,EN,1,1,1.174,4.472,5.786,3,3,3,3,4,2,"1,2,3,12,14",,"2,5",,2,2,1,3,2,3,2,2,1,4,2,4,2,2,3,4,3,3,3,3,9,7,5,9,
2021-08-28 08:49:27,2021-08-28 09:07:16,0,75.163.136.134,100,1069,1,2021-08-28 09:07:16,R_tK6PMSOE4nv9GNz,,,,,38.851104736328125,-104.768798828125,anonymous,EN,1,1,8.797,12.513,14.803,4,3,2,3,3,1,"2,3,5,7,12,11,10,13,18,20,14,19",,"7,3,2",,1,1,1,2,2,2,1,1,2,2,2,2,3,2,3,3,3,3,2,3,11,5,5,9,
2021-08-28 19:18:06,2021-08-28 19:31:40,0,174.203.2.20,100,813,1,2021-08-28 19:31:40,R_27fJh9VufXI7uh3,,,,,29.7738037109375,-95.40599822998046875,anonymous,EN,0.800000011920928955078125,1,10.178,10.178,11.43,1,1,3,1,2,4,"2,3,6,7,9,10,13,17,18,16,19",,"1,2,8,4",,1,1,1,2,1,1,1,1,2,1,2,1,2,1,1,1,1,2,2,2,"9,10",7,5,9,"Am I in Menopause "
2021-08-21 21:57:51,2021-08-21 21:59:37,0,23.126.118.99,7,105,0,2021-08-28 21:57:54,R_1TdQQ9SiYaYSca5,,,,,,,anonymous,EN,1,1,,,,,,,,,,,,,,,,,,,,,,,,,,,,,,,,,,,,,,
2021-08-22 11:26:35,2021-08-22 11:44:47,0,73.149.247.168,7,1091,0,2021-08-29 11:26:35,R_2PBhl1HjV6Zxz38,,,,,,,anonymous,EN,1,1,,,,,,,,,,,,,,,,,,,,,,,,,,,,,,,,,,,,,,
2021-08-22 13:57:00,2021-08-22 15:59:03,0,24.43.123.71,7,7323,0,2021-08-29 13:57:00,R_ZdC4vozajgF8KDT,,,,,,,anonymous,EN,0.89999997615814208984375,1,,,,,,,,,,,,,,,,,,,,,,,,,,,,,,,,,,,,,,
2021-08-29 18:37:10,2021-08-29 19:29:35,0,73.61.21.36,100,3145,1,2021-08-29 19:29:36,R_1DNKjcgIhrfTt32,,,,,42.412506103515625,-71.0034027099609375,anonymous,EN,0.89999997615814208984375,1,11.381,313.955,315.052,3,1,2,2,2,2,"3,12,17,14",,"1,3,4",,1,1,2,1,2,1,1,1,1,1,2,1,2,1,2,3,2,2,2,2,11,6,5,9,"This is a very useful site for someone like me... just about all females on my mother's side died young or had complete hysterectomies in their mid-thirties to early fourties. I have practically no sources to call and ask ""hey, is this normal?"""
2021-08-23 20:42:50,2021-08-23 20:44:13,0,108.76.166.150,7,82,0,2021-08-30 20:42:53,R_PBOfcXRzWZqBzW1,,,,,,,anonymous,EN,0.800000011920928955078125,1,,,,,,,,,,,,,,,,,,,,,,,,,,,,,,,,,,,,,,
2021-08-24 08:24:19,2021-08-24 08:25:11,0,172.58.43.71,7,52,0,2021-08-31 08:24:21,R_BYzDl7xwKmBfJ4J,,,,,,,anonymous,EN,1,1,,,,,,,,,,,,,,,,,,,,,,,,,,,,,,,,,,,,,,
2021-08-31 08:47:07,2021-08-31 08:47:38,0,98.15.58.169,100,31,1,2021-08-31 08:47:38,R_1mlrLlSvuZpC9mg,,,,,40.7512969970703125,-73.88300323486328125,anonymous,EN,1,2,,,,,,,,,,,,,,,,,,,,,,,,,,,,,,,,,,,,,,
2021-08-31 09:42:09,2021-08-31 10:07:32,0,50.80.146.113,100,1523,1,2021-08-31 10:07:33,R_26i2ouXaIuq1Ij4,,,,,44.8668060302734375,-93.538299560546875,anonymous,EN,1,1,11.64,14.592,15.725,3,2,1,2,2,3,"1,2,3,6,11,9,10",,2,,1,1,1,1,1,1,2,1,2,1,2,,2,1,3,3,1,2,2,2,11,6,5,9,Specific hormone replacement therapy options and how they help.
2021-08-31 10:11:45,2021-08-31 10:19:17,0,71.208.145.100,100,452,1,2021-08-31 10:19:17,R_3PHw95xCfeWkgdI,,,,,26.6284027099609375,-82.0196990966796875,anonymous,EN,1,1,7.059,7.059,8.675,1,2,2,2,2,4,"2,3,5,6,7,11,18,19",,"2,5",,1,1,1,1,1,1,1,1,1,2,2,1,1,2,2,2,2,3,2,3,9,7,5,9,I have weight gain. Info on that is very lacking
2021-08-31 17:33:49,2021-08-31 17:41:41,0,174.247.240.175,100,472,1,2021-08-31 17:41:42,R_3O6OqfEWd9P4e2O,,,,,35.0847930908203125,-92.42420196533203125,anonymous,EN,1,1,19.3,21.989,23.116,3,3,3,3,3,1,"1,2,3,5,6,7,12,13,17,18,20,15,16,14,19",,"3,2",,2,2,2,2,2,2,2,2,2,2,2,2,2,3,3,3,2,3,3,3,9,5,5,9,Add more in depth info on symptoms and treatment options
2021-08-24 18:52:01,2021-08-24 18:52:24,0,72.26.4.168,7,22,0,2021-08-31 18:52:08,R_BxghaxvtPfPYSVr,,,,,,,anonymous,EN,1,1,,,,,,,,,,,,,,,,,,,,,,,,,,,,,,,,,,,,,,
2021-08-24 19:13:16,2021-08-24 19:19:31,0,173.54.166.239,7,375,0,2021-08-31 19:13:37,R_2YEzJn7xV4bju9N,,,,,,,anonymous,EN,1,1,,,,,,,,,,,,,,,,,,,,,,,,,,,,,,,,,,,,,,
2021-08-24 19:23:42,2021-08-24 19:25:23,0,173.54.166.239,45,101,0,2021-08-31 19:23:43,R_1QgOv7xPOZZJ5QT,,,,,,,anonymous,EN,0.89999997615814208984375,1,0,0,25.909,0,2,2,2,2,2,"2,3,7,12,15,16,19",,"7,8",,,,,,,,,,,,,,,,,,,,,,,,,,
2021-08-24 19:53:00,2021-08-24 19:53:33,0,75.139.67.125,14,33,0,2021-08-31 19:53:01,R_ebw6yN465nmkatz,,,,,,,anonymous,EN,1,1,6.002,6.002,10.168,1,,,,,,,,,,,,,,,,,,,,,,,,,,,,,,,,,,
2021-08-24 22:44:50,2021-08-24 22:45:37,0,71.60.112.18,7,46,0,2021-08-31 22:44:51,R_AFeIg3lWZ9ctEwp,,,,,,,anonymous,EN,1,1,,,,,,,,,,,,,,,,,,,,,,,,,,,,,,,,,,,,,,
2021-09-01 12:40:22,2021-09-01 13:11:45,0,24.62.112.65,100,1883,1,2021-09-01 13:11:46,R_2Sqmkyhb4kLafQu,,,,,42.1721954345703125,-70.9499969482421875,anonymous,EN,0.89999997615814208984375,1,5.044,5.044,9.763,1,3,3,5,4,2,"1,2,3,5,6,7,12,10,18,20,16,14,19",,"7,3,2",,1,1,1,1,1,1,1,1,1,1,1,1,4,3,4,4,3,3,3,3,11,8,5,9,
2021-09-02 20:06:13,2021-09-02 20:26:56,0,76.24.87.126,100,1242,1,2021-09-02 20:26:56,R_1IQ0lh7S3Sjzmht,,,,,42.077392578125,-71.0446014404296875,anonymous,EN,1,1,5.493,7.244,993.152,2,1,2,2,2,4,"5,11,8,10,18,16,19",,"7,2",,2,1,1,2,1,2,2,2,2,2,2,2,2,2,3,2,2,3,2,2,"9,10",6,5,9,
2021-09-03 06:51:25,2021-09-03 06:55:37,0,47.199.242.140,100,252,1,2021-09-03 06:55:38,R_3dWIpMpZVOXQg8A,,,,,28.0406036376953125,-82.39510345458984375,anonymous,EN,1,1,1.449,1.449,2.528,1,2,1,2,2,3,"1,2,3,5,6,7,11,8,10,18,20,15,16,19",,2,,2,2,1,2,1,2,2,1,1,2,2,2,3,3,3,3,2,4,2,4,11,7,5,9,Your age range question excludes age 55
2021-09-03 08:38:24,2021-09-03 08:43:43,0,107.77.227.60,100,319,1,2021-09-03 08:43:44,R_1F9ZvMHZ1guEVxD,,,,,33.9889068603515625,-118.1529998779296875,anonymous,EN,0.89999997615814208984375,1,6.956,6.956,8.061,1,1,1,2,2,2,"1,2,3,5,6,7,12,17,18,20,15,16,14,19",,"2,5",,2,2,2,2,2,2,2,2,2,2,2,2,2,2,2,2,2,3,2,2,11,6,5,9,
2021-09-03 13:41:29,2021-09-03 13:46:58,0,172.58.203.200,100,328,1,2021-09-03 13:46:58,R_22IYijnmzsp2Wc2,,,,,40.0345001220703125,-75.11930084228515625,anonymous,EN,1,1,12.5,12.5,15.369,1,1,1,1,1,4,"6,7,10,17,18,14,19",,"1,7,3,2,4",,2,1,1,2,2,2,2,1,1,2,1,2,1,1,1,3,2,2,1,2,"5,6",5,5,9,"I liked everything I visited. The only issue was clicking a link for lotion, etc for vaginal dryness, it is either broken or not enable yet. When I tried to back up to the previous page, it kicked me out of the site and it took me all the way to initial survey ad. "
2021-09-03 15:03:57,2021-09-03 15:33:34,0,50.80.146.113,100,1776,1,2021-09-03 15:33:34,R_WBBmdvTGBDURe01,,,,,44.852203369140625,-93.77860260009765625,anonymous,EN,1,1,6.062,8.449,10.553,3,1,1,2,1,3,"6,7,11,9,10",,2,,1,1,1,1,1,1,1,1,1,1,1,1,1,1,1,2,2,2,2,1,"5,6",6,5,9,
2021-08-27 20:16:23,2021-08-27 20:35:48,0,24.20.80.10,7,1165,0,2021-09-03 20:16:24,R_Y6smvwlPw1IkBXj,,,,,,,anonymous,EN,1,1,,,,,,,,,,,,,,,,,,,,,,,,,,,,,,,,,,,,,,
2021-08-27 23:43:03,2021-08-27 23:44:10,0,98.15.58.169,7,67,0,2021-09-03 23:43:04,R_2WYbkOiEt1R9fvE,,,,,,,anonymous,EN,0.89999997615814208984375,1,,,,,,,,,,,,,,,,,,,,,,,,,,,,,,,,,,,,,,
2021-08-28 03:44:50,2021-08-28 03:46:35,0,98.118.244.13,7,104,0,2021-09-04 03:44:51,R_tMouNjhy48tMWWJ,,,,,,,anonymous,EN,1,1,,,,,,,,,,,,,,,,,,,,,,,,,,,,,,,,,,,,,,
2021-08-28 05:11:33,2021-08-28 05:13:25,0,41.84.152.6,7,112,0,2021-09-04 05:11:33,R_1i8ShXslaXk9zXQ,,,,,,,anonymous,EN,0.89999997615814208984375,1,,,,,,,,,,,,,,,,,,,,,,,,,,,,,,,,,,,,,,
2021-09-04 06:03:11,2021-09-04 06:13:28,0,74.254.207.56,100,617,1,2021-09-04 06:13:29,R_2dY17ImBjCMDFbt,,,,,37.8065032958984375,-85.459197998046875,anonymous,EN,0.89999997615814208984375,1,19.99,40.119,41.279,11,5,2,3,5,1,,,,,,,,,,,4,,,,,,,4,4,3,,,,,11,6,5,,"There were so many grammatical errors that it was hard to trust this as a valid source regardless of content. I thought my child could have done a better job. "
2021-09-04 11:17:33,2021-09-04 13:32:10,0,68.7.15.141,100,8076,1,2021-09-04 13:32:10,R_2TMpxzSnUqJ1AUw,,,,,32.7935943603515625,-117.06890106201171875,anonymous,EN,0.800000011920928955078125,1,7.08,7.08,8.017,1,2,2,3,3,3,"1,2,3,5,6,7,18,20,15,16,14",,"2,4",,2,1,1,2,2,2,2,1,2,2,2,4,2,2,2,3,2,4,2,3,9,7,5,9,
2021-09-04 14:52:01,2021-09-04 15:09:10,0,184.62.222.233,100,1028,1,2021-09-04 15:09:10,R_1F2skG9IPn1fuxw,,,,,37.751007080078125,-97.82199859619140625,anonymous,EN,1,1,2.259,306.616,307.926,5,2,2,2,2,4,"3,12,11,8,10,17,18,16",,"1,2",,2,2,2,1,2,2,2,1,1,2,1,2,1,1,1,2,2,3,2,2,"9,10",6,5,9,I would like more perimenopause info.
2021-08-28 17:40:45,2021-08-28 17:42:05,0,172.114.198.122,7,80,0,2021-09-04 17:40:45,R_2Sf6v9rMx8Aes9S,,,,,,,anonymous,EN,1,1,,,,,,,,,,,,,,,,,,,,,,,,,,,,,,,,,,,,,,
2021-08-28 18:42:43,2021-08-28 18:43:39,0,66.234.208.86,7,56,0,2021-09-04 18:42:44,R_2yjUArah35Bx2Ar,,,,,,,anonymous,EN,1,1,,,,,,,,,,,,,,,,,,,,,,,,,,,,,,,,,,,,,,
2021-09-05 08:48:43,2021-09-05 08:49:57,0,73.165.66.234,100,73,1,2021-09-05 08:49:57,R_1NaP4Xt0aDpc9XP,,,,,39.9792022705078125,-75.127899169921875,anonymous,EN,0.89999997615814208984375,2,,,,,,,,,,,,,,,,,,,,,,,,,,,,,,,,,,,,,,
2021-09-05 08:50:22,2021-09-05 08:50:46,8,73.165.66.234,100,24,1,2021-09-05 08:50:46,R_3O7CcPEbbCrRo2t,,,,,39.9792022705078125,-75.127899169921875,anonymous,EN,0.89999997615814208984375,2,,,,,,,,,,,,,,,,,,,,,,,,,,,,,,,,,,,,,,
2021-09-05 09:22:31,2021-09-05 09:33:57,0,172.58.43.110,100,686,1,2021-09-05 09:33:57,R_3oGWIgDWHMlK9Il,,,,,47.3065948486328125,-122.26190185546875,anonymous,EN,1,1,6.73,17.307,18.356,8,1,2,2,2,4,"1,3,7,12,14,19",,"1,3,2",,1,1,2,3,2,2,1,1,2,2,2,1,1,2,1,2,3,2,2,2,11,5,5,9,
2021-08-29 09:51:55,2021-08-29 09:52:50,0,107.221.224.6,14,55,0,2021-09-05 09:51:59,R_1He0DntQcUb498v,,,,,,,anonymous,EN,1,1,0,0,2.202,0,,,,,,,,,,,,,,,,,,,,,,,,,,,,,,,,,,
2021-09-05 14:04:37,2021-09-05 14:20:28,0,66.74.190.238,100,950,1,2021-09-05 14:20:28,R_2dsjrQF1qDWPxo5,,,,,33.805999755859375,-116.46240234375,anonymous,EN,1,1,15.309,20.704,21.711,5,1,1,1,1,2,"2,3,5,6,7,12,18,14,19",,"1,3,2",,2,1,1,2,1,2,1,1,1,1,1,2,2,1,1,2,2,2,2,2,"9,10",7,5,9,
2021-08-29 18:03:42,2021-08-29 18:04:14,0,65.184.187.233,7,32,0,2021-09-05 18:03:43,R_2qCqXzM0j7RFcgd,,,,,,,anonymous,EN,1,1,,,,,,,,,,,,,,,,,,,,,,,,,,,,,,,,,,,,,,
2021-08-29 18:46:10,2021-08-29 18:46:35,0,107.77.189.57,7,24,0,2021-09-05 18:46:13,R_b7b4MsCj2gATFKx,,,,,,,anonymous,EN,0.89999997615814208984375,1,,,,,,,,,,,,,,,,,,,,,,,,,,,,,,,,,,,,,,
2021-09-06 09:51:04,2021-09-06 10:26:59,0,174.215.66.78,100,2154,1,2021-09-06 10:27:00,R_3qIgDgZ1aCE97Es,,,,,35.089202880859375,-80.81939697265625,anonymous,EN,1,1,9.959,338.018,339.293,4,1,2,1,1,2,"1,2,5,6,7,17,18,20,15,14,22","Many symptoms listed coincide with my iron deficiency anemia, the night sweats and hot flashes are the only guaranteed perimenapausal symptoms I listed.","1,7,3,2,8,4,6","My young female doctor was wholly unhelpful. ",2,1,1,2,1,2,2,1,1,2,1,2,1,2,1,2,1,1,1,2,"9,10,5,6,7,8",6,5,9,"I'm very excited to have a science based site to reference and share. Thank you for doing this work. On the 1st page presented, that ends with ""Use our tool to see what stage of menopause you are in,"" the last paragraph starts with ""We have evidence from our studies . . ."" It is unclear what your evidence is suggesting (if anything) and confusing to the reader. I believe you were beginning to reference your (& the site's) qualifications, but it comes across as a random statement. "
2021-08-30 10:39:57,2021-08-30 10:40:58,0,174.80.94.229,14,61,0,2021-09-06 10:39:58,R_2WD6pq10KoFRqr6,,,,,,,anonymous,EN,1,1,7.956,7.956,9.321,1,,,,,,,,,,,,,,,,,,,,,,,,,,,,,,,,,,
2021-08-31 00:09:21,2021-08-31 00:10:30,0,71.187.195.124,7,68,0,2021-09-07 00:09:23,R_1rGiKgsYpS78GuM,,,,,,,anonymous,EN,1,1,,,,,,,,,,,,,,,,,,,,,,,,,,,,,,,,,,,,,,
2021-08-31 01:03:38,2021-08-31 01:04:53,0,76.190.206.82,7,74,0,2021-09-07 01:03:40,R_2D06Wj3CeGcfMDP,,,,,,,anonymous,EN,1,1,,,,,,,,,,,,,,,,,,,,,,,,,,,,,,,,,,,,,,
2021-08-31 01:14:53,2021-08-31 01:15:04,8,76.190.206.82,7,11,0,2021-09-07 01:14:53,R_AEWotEzhAviVIQN,,,,,,,anonymous,EN,1,1,,,,,,,,,,,,,,,,,,,,,,,,,,,,,,,,,,,,,,
2021-08-31 08:02:19,2021-08-31 08:18:32,0,71.45.41.119,14,972,0,2021-09-07 08:02:20,R_2ztZAG4nlSnJrNU,,,,,,,anonymous,EN,1,1,27.23,27.23,38.053,1,,,,,,,,,,,,,,,,,,,,,,,,,,,,,,,,,,
2021-08-31 08:09:10,2021-08-31 08:09:46,0,71.208.145.100,7,36,0,2021-09-07 08:09:11,R_2955rorpvSlKOyK,,,,,,,anonymous,EN,1,1,,,,,,,,,,,,,,,,,,,,,,,,,,,,,,,,,,,,,,
2021-09-07 08:46:35,2021-09-07 08:54:06,0,184.96.176.36,100,450,1,2021-09-07 08:54:06,R_3M9FNRnlUSuMczX,,,,,39.679595947265625,-104.9626007080078125,anonymous,EN,1,1,9.9,283.512,284.55,6,2,1,2,1,2,"1,3,7,18,15,16,14,19",,"3,2,5,4",,2,2,1,2,2,2,2,2,1,2,2,2,2,2,2,2,2,2,2,2,"9,10",6,5,9,
2021-09-07 09:20:36,2021-09-07 09:36:15,0,24.217.80.24,100,938,1,2021-09-07 09:36:15,R_PRsIMEbmTYpsTYt,,,,,38.3170928955078125,-88.9136962890625,anonymous,EN,1,1,3.455,364.638,365.235,5,3,2,3,3,2,"1,12,11,19",,"1,2",,3,1,1,2,3,3,2,1,2,4,2,4,5,3,3,5,5,5,5,5,"9,10",6,5,7,"More alternative suggestions. Not everyone is into foofoo or full on medical. Being dismissive of non-mainstream isn't helpful. "
2021-09-07 10:03:14,2021-09-07 10:10:44,0,169.150.128.88,100,450,1,2021-09-07 10:10:45,R_umgau0E0qPAaVuV,,,,,32.8444976806640625,-79.8242034912109375,anonymous,EN,0.89999997615814208984375,1,2.548,2.548,6.514,1,1,1,1,1,1,"2,3,19",,"7,3,2,4",,1,1,1,1,1,1,1,1,1,1,1,1,1,1,1,1,1,1,1,1,"9,4,7",6,5,6,
2021-08-31 11:04:28,2021-08-31 11:04:55,0,174.19.125.239,7,27,0,2021-09-07 11:04:29,R_tWcryzdh4q1ku5j,,,,,,,anonymous,EN,1,1,,,,,,,,,,,,,,,,,,,,,,,,,,,,,,,,,,,,,,
2021-09-07 11:17:51,2021-09-07 11:30:52,0,72.65.53.222,100,780,1,2021-09-07 11:30:52,R_1DMtyswARUMZXfU,,,,,42.968505859375,-78.74919891357421875,anonymous,EN,1,1,10.334,10.334,352.333,1,3,2,3,3,3,"1,3,6,14,19",,5,,3,3,2,2,1,3,2,2,2,2,2,4,4,2,3,2,3,4,4,4,"9,4,5",7,5,9,
2021-08-31 11:48:36,2021-08-31 11:59:08,0,104.49.187.229,14,631,0,2021-09-07 11:48:38,R_qI4LNX4AbXpz9eh,,,,,,,anonymous,EN,1,1,6.825,597.23,598.119,3,,,,,,,,,,,,,,,,,,,,,,,,,,,,,,,,,,
2021-08-31 14:59:48,2021-08-31 15:00:57,0,174.248.112.168,7,68,0,2021-09-07 14:59:49,R_xEK09nLWj19GedP,,,,,,,anonymous,EN,1,1,,,,,,,,,,,,,,,,,,,,,,,,,,,,,,,,,,,,,,
2021-08-31 16:24:19,2021-08-31 16:25:10,0,68.199.205.108,14,51,0,2021-09-07 16:24:19,R_OoL5N4nGmpEMQ5b,,,,,,,anonymous,EN,0.89999997615814208984375,1,6.381,9.539,10.339,2,,,,,,,,,,,,,,,,,,,,,,,,,,,,,,,,,,
2021-08-31 17:41:53,2021-08-31 17:42:01,0,174.247.240.175,7,8,0,2021-09-07 17:41:55,R_3qO7c0OaKtKyI8p,,,,,,,anonymous,EN,1,1,,,,,,,,,,,,,,,,,,,,,,,,,,,,,,,,,,,,,,
2021-09-08 08:37:26,2021-09-08 08:54:30,0,96.61.172.242,100,1024,1,2021-09-08 08:54:31,R_BFWZjxrRB7kjVct,,,,,36.0164031982421875,-86.56150054931640625,anonymous,EN,1,1,31.009,31.009,356.089,1,2,2,3,3,2,"1,2,3,5,6,7,12,11,13,17,18,20,15,16,14,19",,"2,5,8",,2,1,1,2,2,2,2,2,2,4,2,4,3,3,3,3,3,3,2,3,10,6,5,9,
2021-09-08 10:16:29,2021-09-08 10:16:38,0,174.192.198.174,100,8,1,2021-09-08 10:16:38,R_UtqM5cXV1r1OhON,,,,,38.9521942138671875,-77.025299072265625,anonymous,EN,1,2,,,,,,,,,,,,,,,,,,,,,,,,,,,,,,,,,,,,,,
2021-09-08 10:15:45,2021-09-08 10:19:38,0,68.234.195.23,100,233,1,2021-09-08 10:19:39,R_2WJfO9AaLyKtSgw,,,,,30.5178985595703125,-87.22530364990234375,anonymous,EN,1,1,1.823,3.162,3.958,2,1,1,1,1,2,"1,3,5,7,18,15",,1,,2,2,3,2,3,3,2,1,2,2,2,4,2,2,2,2,2,3,2,2,10,7,5,9,
2021-09-08 11:03:20,2021-09-08 11:12:56,0,136.32.168.56,100,575,1,2021-09-08 11:12:56,R_2fJSIYCty2LpgFg,,,,,38.86700439453125,-94.7093963623046875,anonymous,EN,1,1,5.181,292.279,293.666,2,2,2,2,2,2,"1,2,5",,"2,4",,2,1,1,2,2,2,2,1,1,2,2,2,2,2,2,3,3,3,3,3,11,6,5,9,
2021-09-08 11:09:08,2021-09-08 11:19:21,0,76.19.14.161,100,612,1,2021-09-08 11:19:21,R_eRnaPyM6GzJJDGx,,,,,41.4185943603515625,-73.12750244140625,anonymous,EN,1,1,18.375,21.455,22.233,3,2,2,2,2,2,"5,12,17,18,14",,1,,2,2,2,2,2,2,2,2,2,2,2,2,2,2,2,3,2,3,2,2,10,6,5,9,
2021-09-01 12:02:45,2021-09-01 12:03:08,0,75.178.5.3,7,23,0,2021-09-08 12:02:46,R_2xLXA6TrEd1ahIL,,,,,,,anonymous,EN,1,1,,,,,,,,,,,,,,,,,,,,,,,,,,,,,,,,,,,,,,
2021-09-01 12:46:15,2021-09-01 12:47:19,0,70.226.123.218,7,63,0,2021-09-08 12:46:19,R_Dwrpf6kWGQKGG9b,,,,,,,anonymous,EN,0.89999997615814208984375,1,,,,,,,,,,,,,,,,,,,,,,,,,,,,,,,,,,,,,,
2021-09-01 14:56:36,2021-09-01 14:57:21,0,172.56.22.44,7,44,0,2021-09-08 14:56:40,R_2VmONI2xeOA3GqF,,,,,,,anonymous,EN,0.89999997615814208984375,1,,,,,,,,,,,,,,,,,,,,,,,,,,,,,,,,,,,,,,
2021-09-01 14:58:38,2021-09-01 14:59:18,0,73.68.182.42,7,40,0,2021-09-08 14:58:38,R_12ma6efsWUsGSgj,,,,,,,anonymous,EN,1,1,,,,,,,,,,,,,,,,,,,,,,,,,,,,,,,,,,,,,,
2021-09-01 18:02:49,2021-09-01 18:04:30,0,212.102.33.237,7,101,0,2021-09-08 18:02:49,R_2zOzOK4rTOXOScd,,,,,,,anonymous,EN,0.89999997615814208984375,1,,,,,,,,,,,,,,,,,,,,,,,,,,,,,,,,,,,,,,
2021-09-01 18:08:32,2021-09-01 18:10:35,0,212.102.33.237,66,123,0,2021-09-08 18:08:32,R_23VtARdLsHNeBiI,,,,,,,anonymous,EN,0.89999997615814208984375,1,1.325,2.506,3.402,2,2,2,2,2,2,"1,2,3,5,18,15",,2,,2,1,1,1,2,1,1,1,1,2,1,1,2,2,2,3,,,,,,,,,
2021-09-01 20:03:11,2021-09-01 20:08:44,0,174.214.47.16,14,333,0,2021-09-08 20:03:11,R_3QSt3QnkqnzsK9L,,,,,,,anonymous,EN,1,1,5.155,36.068,38.123,33,,,,,,,,,,,,,,,,,,,,,,,,,,,,,,,,,,
2021-09-09 12:43:57,2021-09-09 12:58:59,0,65.190.82.61,100,902,1,2021-09-09 12:58:59,R_8ptj3JQAL9ew03T,,,,,35.717803955078125,-78.84279632568359375,anonymous,EN,1,1,8.958,8.958,356.94,1,1,1,1,1,2,"1,2,3,5,6,12,18,14,19",,"1,7,3,2",,1,1,1,2,1,2,1,1,1,4,1,2,1,1,2,2,2,2,1,2,"9,10,5",6,5,9,
2021-09-02 13:10:24,2021-09-02 13:37:32,0,24.94.18.133,7,1628,0,2021-09-09 13:10:27,R_10Uz9o835bGdA9a,,,,,,,anonymous,EN,0.89999997615814208984375,1,,,,,,,,,,,,,,,,,,,,,,,,,,,,,,,,,,,,,,
2021-09-02 17:48:22,2021-09-02 18:03:13,0,24.62.112.65,7,891,0,2021-09-09 17:48:27,R_3JKmciAXu70hkgB,,,,,,,anonymous,EN,1,1,,,,,,,,,,,,,,,,,,,,,,,,,,,,,,,,,,,,,,
2021-09-02 18:13:44,2021-09-02 18:25:04,0,71.88.7.193,7,680,0,2021-09-09 18:13:44,R_2rNPn2vABSFrp1z,,,,,,,anonymous,EN,0.4000000059604644775390625,1,,,,,,,,,,,,,,,,,,,,,,,,,,,,,,,,,,,,,,
2021-09-02 18:31:56,2021-09-02 18:33:12,0,131.93.149.208,7,75,0,2021-09-09 18:31:56,R_1LiMWHtAudRYHnt,,,,,,,anonymous,EN,0.89999997615814208984375,1,,,,,,,,,,,,,,,,,,,,,,,,,,,,,,,,,,,,,,
2021-09-02 20:05:03,2021-09-02 20:05:49,0,76.24.87.126,7,45,0,2021-09-09 20:05:05,R_2uEEnAnSHUBBH2L,,,,,,,anonymous,EN,1,1,,,,,,,,,,,,,,,,,,,,,,,,,,,,,,,,,,,,,,
2021-09-02 20:11:02,2021-09-02 20:11:22,0,47.199.242.140,7,19,0,2021-09-09 20:11:02,R_3kdF0mj0d2QPI0x,,,,,,,anonymous,EN,1,1,,,,,,,,,,,,,,,,,,,,,,,,,,,,,,,,,,,,,,
2021-09-02 21:12:27,2021-09-02 21:14:18,0,108.247.188.95,7,110,0,2021-09-09 21:12:27,R_26l6HDzFLh11j9O,,,,,,,anonymous,EN,1,1,,,,,,,,,,,,,,,,,,,,,,,,,,,,,,,,,,,,,,
2021-09-02 23:43:59,2021-09-02 23:45:11,0,47.145.173.217,7,71,0,2021-09-09 23:44:05,R_1igpxPJKg4aXnge,,,,,,,anonymous,EN,1,1,,,,,,,,,,,,,,,,,,,,,,,,,,,,,,,,,,,,,,
2021-09-03 06:28:04,2021-09-03 06:28:41,0,107.221.224.6,14,36,0,2021-09-10 06:28:06,R_6KXV1vtU2C9MaLn,,,,,,,anonymous,EN,1,1,0,0,1.771,0,,,,,,,,,,,,,,,,,,,,,,,,,,,,,,,,,,
2021-09-03 06:30:12,2021-09-03 06:32:40,0,172.58.110.129,7,148,0,2021-09-10 06:30:13,R_2OPZBy8jj9B0t74,,,,,,,anonymous,EN,1,1,,,,,,,,,,,,,,,,,,,,,,,,,,,,,,,,,,,,,,
2021-09-03 06:48:57,2021-09-03 06:49:38,0,47.199.242.140,7,41,0,2021-09-10 06:48:58,R_33vabjKco8wappd,,,,,,,anonymous,EN,1,1,,,,,,,,,,,,,,,,,,,,,,,,,,,,,,,,,,,,,,
2021-09-03 06:49:51,2021-09-03 06:50:21,8,47.199.242.140,7,29,0,2021-09-10 06:49:51,R_1Ioab3gkGy57dOY,,,,,,,anonymous,EN,0.89999997615814208984375,1,,,,,,,,,,,,,,,,,,,,,,,,,,,,,,,,,,,,,,
2021-09-03 06:52:26,2021-09-03 06:54:46,0,216.225.43.126,7,139,0,2021-09-10 06:52:26,R_2ruN9TAWeWn1bqn,,,,,,,anonymous,EN,1,1,,,,,,,,,,,,,,,,,,,,,,,,,,,,,,,,,,,,,,
2021-09-03 08:22:19,2021-09-03 08:23:52,0,97.94.75.250,7,93,0,2021-09-10 08:22:20,R_vAIfzamDfQjgcZb,,,,,,,anonymous,EN,1,1,,,,,,,,,,,,,,,,,,,,,,,,,,,,,,,,,,,,,,
2021-09-03 08:29:19,2021-09-03 08:31:08,0,100.10.87.168,7,109,0,2021-09-10 08:29:19,R_2OSHa6SMTRafAnE,,,,,,,anonymous,EN,1,1,,,,,,,,,,,,,,,,,,,,,,,,,,,,,,,,,,,,,,
2021-09-03 09:55:29,2021-09-03 09:56:40,0,50.80.146.113,14,70,0,2021-09-10 09:55:30,R_O0seuKnKiNCVqJH,,,,,,,anonymous,EN,0.89999997615814208984375,1,17.538,18.388,20.906,2,,,,,,,,,,,,,,,,,,,,,,,,,,,,,,,,,,
2021-09-03 11:06:47,2021-09-03 11:09:14,0,97.98.50.81,38,146,0,2021-09-10 11:06:47,R_2t4BV4vuhSyoHzN,,,,,,,anonymous,EN,1,1,2.601,2.601,5.532,1,3,3,3,3,,"1,2,3,5,6,7,18,14",,,,,,,,,,,,,,,,,,,,,,,,,,,,
2021-09-03 11:08:57,2021-09-03 11:10:16,0,68.187.198.13,7,78,0,2021-09-10 11:09:02,R_6x0X5yZSci3iPSN,,,,,,,anonymous,EN,1,1,,,,,,,,,,,,,,,,,,,,,,,,,,,,,,,,,,,,,,
2021-09-03 11:47:56,2021-09-03 11:48:56,0,172.58.144.230,7,60,0,2021-09-10 11:47:58,R_p3EuT15brhw9m9j,,,,,,,anonymous,EN,1,1,,,,,,,,,,,,,,,,,,,,,,,,,,,,,,,,,,,,,,
2021-09-03 13:13:21,2021-09-03 13:14:35,0,172.58.203.200,7,73,0,2021-09-10 13:13:22,R_1K8EgK2HbF22yFd,,,,,,,anonymous,EN,1,1,,,,,,,,,,,,,,,,,,,,,,,,,,,,,,,,,,,,,,
2021-09-03 13:26:52,2021-09-03 13:28:15,0,23.28.128.229,28,82,0,2021-09-10 13:26:53,R_1KN97MHvWsUrB73,,,,,,,anonymous,EN,0.89999997615814208984375,1,20.96,23.18,23.98,3,3,2,3,3,,,,,,,,,,,,,,,,,,,,,,,,,,,,,,
2021-09-03 13:37:16,2021-09-03 13:37:53,0,174.255.67.6,7,36,0,2021-09-10 13:37:16,R_33rIsEE0spvWktz,,,,,,,anonymous,EN,0.89999997615814208984375,1,,,,,,,,,,,,,,,,,,,,,,,,,,,,,,,,,,,,,,
2021-09-03 14:34:04,2021-09-03 14:36:48,0,174.19.125.239,79,163,0,2021-09-10 14:34:05,R_A1ybuLVciO5qU7v,,,,,,,anonymous,EN,1,1,2.066,3.2,4.173,2,2,2,3,2,2,"1,3,11,20,19",,"7,3",,2,2,2,1,2,2,2,2,2,1,2,2,3,3,3,3,3,3,3,3,,,,,
2021-09-03 15:43:11,2021-09-03 15:43:42,0,71.239.187.133,7,30,0,2021-09-10 15:43:12,R_WkQho7THoZzrikp,,,,,,,anonymous,EN,1,1,,,,,,,,,,,,,,,,,,,,,,,,,,,,,,,,,,,,,,
2021-09-03 16:15:54,2021-09-03 16:17:02,0,184.53.16.7,7,68,0,2021-09-10 16:15:54,R_8CDOXw7N3pK402l,,,,,,,anonymous,EN,1,1,,,,,,,,,,,,,,,,,,,,,,,,,,,,,,,,,,,,,,
2021-09-04 07:23:59,2021-09-04 07:24:25,0,166.181.85.26,7,26,0,2021-09-11 07:24:04,R_232HG13QQ1kV1q3,,,,,,,anonymous,EN,1,1,,,,,,,,,,,,,,,,,,,,,,,,,,,,,,,,,,,,,,
2021-09-04 07:30:29,2021-09-05 16:50:01,0,136.56.32.215,7,119971,0,2021-09-11 07:30:30,R_3kEQ1XlBKxahKga,,,,,,,anonymous,EN,1,1,,,,,,,,,,,,,,,,,,,,,,,,,,,,,,,,,,,,,,
2021-09-04 10:57:20,2021-09-04 10:58:04,0,75.98.152.129,7,43,0,2021-09-11 10:57:22,R_22s3bD8W7W8hAEs,,,,,,,anonymous,EN,0.89999997615814208984375,1,,,,,,,,,,,,,,,,,,,,,,,,,,,,,,,,,,,,,,
2021-09-04 14:50:35,2021-09-04 15:09:39,0,184.62.222.233,7,1144,0,2021-09-11 14:50:38,R_3HGfWHpV1JXMEz7,,,,,,,anonymous,EN,1,1,,,,,,,,,,,,,,,,,,,,,,,,,,,,,,,,,,,,,,
2021-09-05 07:41:02,2021-09-05 07:42:23,0,96.233.36.84,7,80,0,2021-09-12 07:41:03,R_7VUZH6zowHhboMp,,,,,,,anonymous,EN,0.699999988079071044921875,1,,,,,,,,,,,,,,,,,,,,,,,,,,,,,,,,,,,,,,
2021-09-05 07:56:26,2021-09-05 07:57:05,0,107.77.210.160,7,39,0,2021-09-12 07:56:27,R_3Uz5HO90uehPkwF,,,,,,,anonymous,EN,0.89999997615814208984375,1,,,,,,,,,,,,,,,,,,,,,,,,,,,,,,,,,,,,,,
2021-09-05 09:08:16,2021-09-05 09:10:34,0,47.24.187.47,7,138,0,2021-09-12 09:08:17,R_1rfDnDp9yfMQxuN,,,,,,,anonymous,EN,1,1,,,,,,,,,,,,,,,,,,,,,,,,,,,,,,,,,,,,,,
2021-09-05 09:51:44,2021-09-05 09:53:14,0,71.254.12.164,7,89,0,2021-09-12 09:51:44,R_zYwNYTcDiyfqMEx,,,,,,,anonymous,EN,1,1,,,,,,,,,,,,,,,,,,,,,,,,,,,,,,,,,,,,,,
2021-09-05 10:06:27,2021-09-05 10:07:07,0,173.75.25.178,7,40,0,2021-09-12 10:06:28,R_2SwQ5U88GCWq6qO,,,,,,,anonymous,EN,1,1,,,,,,,,,,,,,,,,,,,,,,,,,,,,,,,,,,,,,,
2021-09-05 10:50:56,2021-09-05 10:51:59,0,24.49.0.64,7,63,0,2021-09-12 10:50:56,R_2eWGf9Fhq31WoMS,,,,,,,anonymous,EN,1,1,,,,,,,,,,,,,,,,,,,,,,,,,,,,,,,,,,,,,,
2021-09-05 11:29:24,2021-09-05 11:33:28,0,98.166.97.44,7,244,0,2021-09-12 11:29:24,R_yCiUpEposHGLCgN,,,,,,,anonymous,EN,1,1,,,,,,,,,,,,,,,,,,,,,,,,,,,,,,,,,,,,,,
2021-09-05 11:48:37,2021-09-05 11:49:33,0,104.190.141.186,7,56,0,2021-09-12 11:48:37,R_3khOH7XqbyyzeJl,,,,,,,anonymous,EN,0.89999997615814208984375,1,,,,,,,,,,,,,,,,,,,,,,,,,,,,,,,,,,,,,,
2021-09-05 12:05:00,2021-09-05 12:05:57,0,107.77.196.34,7,56,0,2021-09-12 12:05:03,R_25Qk08RW1UPA2Fz,,,,,,,anonymous,EN,0.89999997615814208984375,1,,,,,,,,,,,,,,,,,,,,,,,,,,,,,,,,,,,,,,
2021-09-05 12:39:37,2021-09-05 12:42:25,0,73.154.143.43,7,167,0,2021-09-12 12:39:37,R_2AShsxPlqRTfXPS,,,,,,,anonymous,EN,1,1,,,,,,,,,,,,,,,,,,,,,,,,,,,,,,,,,,,,,,
2021-09-05 15:23:36,2021-09-05 15:24:16,0,24.46.98.184,7,39,0,2021-09-12 15:23:37,R_Q5LbuqNHzPj9PfX,,,,,,,anonymous,EN,0.89999997615814208984375,1,,,,,,,,,,,,,,,,,,,,,,,,,,,,,,,,,,,,,,
2021-09-05 23:58:34,2021-09-05 23:59:27,0,98.239.69.232,14,53,0,2021-09-12 23:58:36,R_2Cm1aP2kScF4bH8,,,,,,,anonymous,EN,1,1,5.016,6.649,8.724,3,,,,,,,,,,,,,,,,,,,,,,,,,,,,,,,,,,
2021-09-06 06:14:24,2021-09-06 06:16:02,0,73.54.213.37,14,98,0,2021-09-13 06:14:24,R_2sRdSB42t2hPdwu,,,,,,,anonymous,EN,1,1,15.766,16.421,17.67,2,,,,,,,,,,,,,,,,,,,,,,,,,,,,,,,,,,
2021-09-06 06:26:10,2021-09-06 06:45:30,0,68.38.130.126,7,1160,0,2021-09-13 06:26:13,R_338f4u3fptSb0r1,,,,,,,anonymous,EN,1,1,,,,,,,,,,,,,,,,,,,,,,,,,,,,,,,,,,,,,,
2021-09-06 06:35:07,2021-09-06 06:36:49,0,74.79.90.249,7,102,0,2021-09-13 06:35:09,R_21vUVOFkKr4eKbL,,,,,,,anonymous,EN,1,1,,,,,,,,,,,,,,,,,,,,,,,,,,,,,,,,,,,,,,
2021-09-06 06:40:20,2021-09-06 06:45:59,8,74.79.90.249,7,339,0,2021-09-13 06:40:25,R_1PdEsz7DErNONlo,,,,,,,anonymous,EN,1,1,,,,,,,,,,,,,,,,,,,,,,,,,,,,,,,,,,,,,,
2021-09-06 07:13:13,2021-09-06 07:13:58,0,172.58.155.27,7,45,0,2021-09-13 07:13:13,R_2t5pO1JwzXxxxLr,,,,,,,anonymous,EN,0.800000011920928955078125,1,,,,,,,,,,,,,,,,,,,,,,,,,,,,,,,,,,,,,,
2021-09-13 09:02:13,2021-09-13 09:15:16,0,75.69.157.104,100,783,1,2021-09-13 09:15:17,R_2eaII1xTgxdcE1C,,,,,43.2187957763671875,-71.5294036865234375,anonymous,EN,0.89999997615814208984375,1,0,0,10.915,0,2,1,2,1,4,"2,3,5,7,17,15,16,14,19",,"2,5",,2,2,1,2,2,2,2,2,1,2,1,2,1,1,1,3,1,1,1,1,11,7,5,9,
2021-09-13 09:22:54,2021-09-13 09:28:17,0,97.92.231.196,100,323,1,2021-09-13 09:28:17,R_2fIhRnGSHAw2yVB,,,,,37.7758941650390625,-90.40709686279296875,anonymous,EN,1,1,7.432,140.021,140.991,2,2,1,1,1,2,"1,2,3,5,6,7,11,8,18,20,15,16,14",,"8,4",,1,1,1,1,2,1,1,1,1,1,2,1,3,2,2,4,4,3,3,2,11,6,5,9,
2021-09-06 10:16:34,2021-09-06 10:56:17,0,66.227.203.185,7,2383,0,2021-09-13 10:16:34,R_12AxzxiSvTfb7AJ,,,,,,,anonymous,EN,0.89999997615814208984375,1,,,,,,,,,,,,,,,,,,,,,,,,,,,,,,,,,,,,,,
2021-09-06 10:27:39,2021-09-06 10:29:12,0,73.190.83.167,7,93,0,2021-09-13 10:27:41,R_24egUFV8MCz6UKZ,,,,,,,anonymous,EN,1,1,,,,,,,,,,,,,,,,,,,,,,,,,,,,,,,,,,,,,,
2021-09-06 11:08:47,2021-09-06 11:09:26,0,172.58.101.89,7,38,0,2021-09-13 11:08:49,R_2wB3ptQFP4wkpGA,,,,,,,anonymous,EN,0.89999997615814208984375,1,,,,,,,,,,,,,,,,,,,,,,,,,,,,,,,,,,,,,,
2021-09-06 11:12:25,2021-09-06 11:13:04,0,24.155.70.28,14,39,0,2021-09-13 11:12:25,R_1FDSzqHorl07Eih,,,,,,,anonymous,EN,1,1,2.989,5.015,5.579,2,,,,,,,,,,,,,,,,,,,,,,,,,,,,,,,,,,
2021-09-06 11:13:07,2021-09-06 11:13:23,0,24.155.70.28,7,16,0,2021-09-13 11:13:08,R_3nDH4sXxOy4Y1o9,,,,,,,anonymous,EN,1,1,,,,,,,,,,,,,,,,,,,,,,,,,,,,,,,,,,,,,,
2021-09-06 11:18:57,2021-09-06 11:21:35,0,24.155.70.28,79,157,0,2021-09-13 11:18:58,R_3gRBNzx9uKBGS1a,,,,,,,anonymous,EN,1,1,1.26,1.26,2.101,1,2,1,2,2,3,"11,10,18,20,15,16,19",,"2,5",,2,2,1,2,2,2,2,2,2,2,2,2,4,2,3,4,4,3,3,3,,,,,
2021-09-13 22:58:52,2021-09-13 23:11:03,0,72.34.122.236,100,731,1,2021-09-13 23:11:03,R_3hlNtS9vORYMtxB,,,,,37.609405517578125,-118.8656005859375,anonymous,EN,0.89999997615814208984375,1,5.423,5.423,8.044,1,2,2,4,4,1,"1,12,17,14",,"1,7,3,2,4",,1,1,1,2,2,3,1,1,1,2,4,2,1,1,2,2,2,3,2,4,"9,10",6,5,9,"I thought the menopause tool and the symptom area were helpful.  Some buttons didn't navigate correctly for me on my phone within the Facebook redirect.  Specifically, the return to symptom checker button and the download my plan buttons did nothing when I clicked them.  In the section on prevention, I would prefer more detailed information on the actual page.  I didn't like having to click outside links to find out more.  The links should stay, but whatever information they contain should be summarized in detail on this site so that I don't have to go anywhere else.  I didn't go the the women's stories portion, because I got discouraged just with the short quotes on the home page.  Yes it can help to hear other's stories, it can also be disheartening to hear what is in store for those of us just at the beginning.  Maybe different sections that correlate with whatever stage a women us currently in so that the stories are relevant to that particular stage."
2021-09-14 06:29:48,2021-09-14 06:33:49,0,174.210.35.253,100,241,1,2021-09-14 06:33:50,R_27wEbG4W8UQWorn,,,,,35.3990936279296875,-80.55840301513671875,anonymous,EN,0.89999997615814208984375,1,6.985,9.578,10.351,3,2,2,4,4,2,"1,2,3,5,6,7,18,14,19",,2,,1,1,1,1,1,2,2,2,2,4,4,4,4,3,3,3,2,3,3,3,9,6,5,9,
2021-09-14 06:13:28,2021-09-14 06:36:07,0,66.56.20.139,100,1359,1,2021-09-14 06:36:07,R_rot2GnSxYF2yPKh,,,,,34.0413970947265625,-84.50530242919921875,anonymous,EN,1,1,10.499,23.891,24.595,8,2,1,3,2,2,"1,2,3,5,6,7,11,17,20,15,16,14",,"1,3",,2,1,2,3,2,3,2,1,2,4,2,4,2,2,3,3,3,3,3,3,"9,10",6,5,9,
2021-09-14 06:27:15,2021-09-14 06:38:00,0,71.244.208.162,100,644,1,2021-09-14 06:38:00,R_1C23bd0qffjXeT1,,,,,39.2812042236328125,-76.7406005859375,anonymous,EN,0.89999997615814208984375,1,11.445,11.445,13.67,1,2,2,4,3,2,"1,2,12,11,19",,"7,3,2",,2,2,1,2,1,2,2,2,2,2,1,2,3,2,3,3,3,4,4,3,9,7,5,9,"More links to online sites, ie for mindfulness where online can get more info."
2021-09-14 06:28:34,2021-09-14 06:42:07,0,192.190.89.131,100,813,1,2021-09-14 06:42:07,R_10IpU7X1juhd5Fl,,,,,34.520904541015625,-83.5453033447265625,anonymous,EN,1,1,6.892,11.452,13.126,4,2,2,2,2,4,"1,2,5,7,11,17,16,14,19",,"2,5",,1,1,1,2,1,1,1,1,1,1,1,1,2,2,2,2,2,2,2,2,11,7,5,9,
2021-09-14 07:54:37,2021-09-14 08:05:33,0,107.211.52.82,100,656,1,2021-09-14 08:05:34,R_1LdSpiSzyqEkZNV,,,,,33.858306884765625,-84.21649932861328125,anonymous,EN,1,1,3.915,10.346,335.176,3,2,1,2,2,2,"1,2,5,6,7,12,18,14",,"1,2",,2,2,1,2,1,2,2,1,1,2,1,2,1,1,1,2,2,2,2,2,"9,10",6,5,9,
2021-09-07 08:53:47,2021-09-07 08:54:25,0,162.232.113.250,7,37,0,2021-09-14 08:53:48,R_ZgXv6PsAWouzSud,,,,,,,anonymous,EN,1,1,,,,,,,,,,,,,,,,,,,,,,,,,,,,,,,,,,,,,,
2021-09-14 08:28:19,2021-09-14 09:11:13,0,98.228.155.33,100,2574,1,2021-09-14 09:11:14,R_OxtO1l276cDpRa9,,,,,42.23089599609375,-88.33789825439453125,anonymous,EN,0.89999997615814208984375,1,4.601,508.88,509.678,8,2,2,3,2,2,"2,3,6,7",,2,,2,2,1,2,2,2,2,2,2,2,2,2,2,2,3,2,3,3,2,3,11,5,5,9,"Hormonal birth control is mentioned in the heavy/ irregular period section as a specific of hormone therapy, but is not discussed in the hormone therapy treatment section.
I would like to know more about how hormonal birth control may or may not help with symptoms."
2021-09-07 09:17:54,2021-09-07 09:20:38,0,174.210.137.25,48,164,0,2021-09-14 09:17:56,R_25KMjH4unTReWd6,,,,,,,anonymous,EN,1,1,2.538,2.538,5.015,1,1,1,2,2,4,"1,5,6,7,13,18,19",,"3,2,4",,1,1,1,2,1,2,,,,,,,,,,,,,,,,,,,
2021-09-07 09:48:26,2021-09-07 09:50:10,0,198.217.64.124,7,104,0,2021-09-14 09:48:27,R_1H63QA5dKdrkR1o,,,,,,,anonymous,EN,1,1,,,,,,,,,,,,,,,,,,,,,,,,,,,,,,,,,,,,,,
2021-09-07 09:49:02,2021-09-07 09:50:09,0,152.97.198.171,14,66,0,2021-09-14 09:49:03,R_2QxOidRLxKN2NW4,,,,,,,anonymous,EN,0.800000011920928955078125,1,1.236,10.389,11.649,3,,,,,,,,,,,,,,,,,,,,,,,,,,,,,,,,,,
2021-09-07 09:58:35,2021-09-07 10:01:22,0,45.50.31.107,7,167,0,2021-09-14 09:58:35,R_1OK4KwFn2ruItgd,,,,,,,anonymous,EN,0.89999997615814208984375,1,,,,,,,,,,,,,,,,,,,,,,,,,,,,,,,,,,,,,,
2021-09-07 10:20:50,2021-09-07 10:21:32,0,172.58.16.217,7,41,0,2021-09-14 10:20:50,R_3n3eCGAUUSjUkMz,,,,,,,anonymous,EN,1,1,,,,,,,,,,,,,,,,,,,,,,,,,,,,,,,,,,,,,,
2021-09-07 10:28:50,2021-09-07 10:28:58,0,69.204.59.88,7,7,0,2021-09-14 10:28:53,R_1CpFUcu80poGHn2,,,,,,,anonymous,EN,1,1,,,,,,,,,,,,,,,,,,,,,,,,,,,,,,,,,,,,,,
2021-09-07 11:11:29,2021-09-07 11:12:32,0,38.66.227.188,14,63,0,2021-09-14 11:11:32,R_3mmKa5R0XQadbBp,,,,,,,anonymous,EN,1,1,11.957,11.957,13.326,1,,,,,,,,,,,,,,,,,,,,,,,,,,,,,,,,,,
2021-09-14 12:02:24,2021-09-14 12:05:35,0,73.177.176.86,100,190,1,2021-09-14 12:05:35,R_27EiHK1w2cDxeCp,,,,,37.339202880859375,-77.41750335693359375,anonymous,EN,1,1,1.402,1.402,3.335,1,2,1,2,2,2,2,,"3,2,4",,2,1,2,2,2,2,1,1,2,2,2,2,2,2,3,4,2,2,2,3,"10,6",6,5,9,
2021-09-14 12:24:31,2021-09-14 12:28:13,0,207.11.75.193,100,222,1,2021-09-14 12:28:14,R_33qB3kiGE28oIfP,,,,,37.751007080078125,-97.82199859619140625,anonymous,EN,1,1,6.488,6.488,34.314,1,3,2,2,3,2,"1,2,5,7,12,11,13,17,18,14,19",,"1,2,8,4",,1,1,1,2,1,2,2,2,2,2,2,2,2,2,2,2,2,2,2,2,11,7,5,9,
2021-09-14 12:30:37,2021-09-14 12:41:05,0,24.223.112.204,100,628,1,2021-09-14 12:41:06,R_2EtWv7ZuGKMgBVO,,,,,40.7574005126953125,-99.14080047607421875,anonymous,EN,0.89999997615814208984375,1,13.431,18.139,18.8,3,2,2,2,2,4,21,,4,,1,1,2,2,1,2,1,1,1,2,1,2,2,2,3,3,,,,,11,5,5,9,
2021-09-14 13:41:09,2021-09-14 13:48:49,0,73.60.187.210,100,460,1,2021-09-14 13:48:50,R_Ah7maBu8HxBKESZ,,,,,41.3148040771484375,-72.69940185546875,anonymous,EN,1,1,9.263,9.263,307.937,1,2,2,2,2,2,"1,2,10",,"1,7,2",,2,2,1,3,2,3,2,2,2,4,2,4,2,2,3,3,3,2,2,2,"9,10,7",7,5,9,
2021-09-14 13:54:25,2021-09-14 13:55:07,0,162.207.85.171,100,42,1,2021-09-14 13:55:07,R_1igT5Qw4FKTwV3J,,,,,42.3274993896484375,-88.29180145263671875,anonymous,EN,1,2,,,,,,,,,,,,,,,,,,,,,,,,,,,,,,,,,,,,,,
2021-09-14 14:42:20,2021-09-14 14:57:21,0,69.255.0.52,100,901,1,2021-09-14 14:57:22,R_3fIg5dVNDM4neit,,,,,39.364105224609375,-77.46219635009765625,anonymous,EN,1,1,6.743,332.299,333.447,2,2,2,2,2,2,"1,3,7,11,10,17,20,14,19",,"7,2,8",,1,1,1,2,1,2,1,1,1,1,1,1,2,2,2,2,2,2,2,4,10,7,5,9,
2021-09-14 14:57:27,2021-09-14 15:06:44,0,172.58.159.157,100,556,1,2021-09-14 15:06:45,R_1eqNhoxbOu4tcpv,,,,,35.2295989990234375,-80.8430023193359375,anonymous,EN,0.89999997615814208984375,1,10.87,281.571,286.03,2,2,2,2,2,2,"1,2,3,5,6,7,12,11,9,10,17,18,20,15,16,14,19",,2,,2,2,1,2,2,2,2,2,1,2,2,2,2,2,2,2,2,2,2,2,11,6,5,9,
2021-09-14 15:34:21,2021-09-14 15:45:20,0,73.86.221.10,100,659,1,2021-09-14 15:45:20,R_246Q8LQTMZyeaPB,,,,,38.6074981689453125,-76.6045989990234375,anonymous,EN,1,1,1.562,1.562,2.669,1,2,1,2,2,2,"1,3,10,17,19",,"7,3,2,4",,1,1,1,2,1,2,1,1,1,1,1,1,2,2,2,3,1,2,2,2,"9,10",7,5,9,
2021-09-14 15:52:31,2021-09-14 16:23:31,0,96.33.213.64,100,1860,1,2021-09-14 16:23:31,R_OxoaAyHHrfNbHvH,,,,,36.5240020751953125,-82.51629638671875,anonymous,EN,1,1,9.921,16.336,17.912,5,1,1,2,2,2,"1,2,5,11,8,9,10,17,18,20,15,16,14",,"7,3,2,4",,1,1,1,2,2,1,1,1,1,1,2,1,2,2,2,1,1,2,1,1,11,6,5,9,"The back to sympto button didn't work on my Android phone. I had to use my back button. I did not download anything for lack of device memory. Stomach pain, bloating, gas may not be related, I haven't had medical care since hysterectomy 12 years ago. I kept ovaries but everything else removed. It turned out not to be cancer and I don't even remember exactly what was wrong. The website made me recognize I definitely need to address my health issues."
2021-09-14 16:11:24,2021-09-14 16:24:34,0,68.224.160.19,100,789,1,2021-09-14 16:24:34,R_snTndQWgxNs83Ad,,,,,41.1522979736328125,-96.03710174560546875,anonymous,EN,0.89999997615814208984375,1,6.238,358.238,359.098,15,4,4,5,5,3,"1,2,3,5,6,11,8,10,18,19",,5,,3,3,3,3,3,3,4,4,4,4,4,4,5,3,5,5,5,5,5,5,9,8,5,9,"It's the same old treatments.  Just doesn't work for me.  Don't know what to tell you. "
2021-09-14 16:48:45,2021-09-14 17:17:50,0,73.253.43.246,100,1745,1,2021-09-14 17:17:51,R_3oGYEvA3GuszHm5,,,,,41.2776031494140625,-72.81150054931640625,anonymous,EN,1,1,10.969,341.071,511.212,2,2,1,2,2,3,"1,2,3,5,17,20",,"2,5,4",,2,1,1,2,1,2,2,2,1,2,2,2,2,1,3,2,2,1,1,2,"9,10,4,5,6,7",6,5,9,The site was very easy to navigate and informative. The anxiety and depression quizes were a little simple so IDK how helpful those where. Maybe something a bit more robust would be helpful.
2021-09-14 15:14:32,2021-09-14 17:56:51,0,174.26.235.29,100,9739,1,2021-09-14 17:56:51,R_qydULrrLmfPdpBL,,,,,33.465606689453125,-111.99559783935546875,anonymous,EN,1,1,1223.134,1223.134,1535.455,1,2,1,2,2,2,"2,12,10,20,15",,"1,3",,2,2,2,3,3,3,1,1,1,4,4,4,4,1,3,4,4,4,4,2,11,6,5,9,"I tend to stay informed on certain topics, and menopause and perimenopause are two of those subjects. Because of this, I didn't find a lot of new information. However, the website provides a good amount of information for those who are just starting to look for answers. 

Heavy periods and inconsistent periods don't always go together. But that's how you have them grouped. You migh consider separating them. My periods are not heavy, but they are becoming more inconsistent. (I'm currently 9 days late, and it's annoying.) For some women, having these two items grouped together may be confusing. "
2021-09-14 18:06:15,2021-09-14 18:16:57,0,73.108.201.9,100,642,1,2021-09-14 18:16:58,R_3qkg1lWE0zJ0D2a,,,,,35.9243011474609375,-83.99649810791015625,anonymous,EN,1,1,7.666,20.347,21.628,6,3,5,5,5,2,"2,11,18,15,16",,"3,2,4",,2,1,1,2,1,3,4,4,4,4,4,4,5,3,5,5,5,5,5,5,11,7,5,9,"The site didnt work. The first thing I did was clicked to look at symptoms and it wouldn't go to a page or go back or go to the website. I couldn't go look at anything else even when I left and came back. So, for me, for now a useless thing"
2021-09-14 18:12:58,2021-09-14 18:21:56,0,99.23.156.80,100,538,1,2021-09-14 18:21:56,R_1rOIFXWnp4rPA5p,,,,,42.50390625,-83.1822967529296875,anonymous,EN,1,1,8.44,8.44,181.958,1,2,2,2,2,1,"1,3,5,7,17,18,15,16,14",,1,,2,2,2,2,2,2,2,1,2,2,2,2,3,2,3,2,3,2,3,2,10,5,5,9,I have been taking chasteberry recommended by my doctor and I want to know how this affects menopause/peri menopause. I think it delays it because my symptoms were worse prior to taking it.
2021-09-14 18:48:16,2021-09-14 19:09:27,0,174.199.171.62,100,1271,1,2021-09-14 19:09:28,R_1rv0sgcgbYPqV2L,,,,,32.510894775390625,-84.979400634765625,anonymous,EN,,1,19.018,47.651,350.681,2,3,4,4,4,2,"1,2,11,10",,2,,2,2,1,2,1,1,4,4,4,4,4,4,4,3,3,3,3,3,3,3,11,6,5,9,I had trouble using the website on my phone so I don't know if this was addressed or not...I'm worried that my interest in sex is going to be gone forever I'd like some reassurance that this won't be the case and some strategies that go beyond buy a vibrator and some lubricant that I have read elsewhere..
2021-09-14 23:37:45,2021-09-14 23:53:26,0,68.228.76.183,100,941,1,2021-09-14 23:53:27,R_2zd1P5TAIPA55dQ,,,,,33.43389892578125,-117.622100830078125,anonymous,EN,1,1,14.007,14.007,316.763,1,2,2,2,2,2,"1,2,3,5,6,7,11,17,18,19",,"3,2,5,8,4",,1,1,1,2,1,1,1,1,1,2,1,2,3,2,3,3,2,2,2,2,"9,10",7,5,9,Please have a place where we can come back to the website for future use. Plus somewhere to put an email for updated information.
2021-09-15 07:21:05,2021-09-15 07:41:25,0,72.133.69.196,100,1220,1,2021-09-15 07:41:26,R_3OiF7Qdg5ZQiajJ,,,,,29.8737030029296875,-97.93609619140625,anonymous,EN,0.89999997615814208984375,1,6.437,311.035,311.482,5,1,1,2,1,1,"3,6,7,12,17",,"2,5,8",,1,1,1,1,1,3,1,1,1,1,1,4,2,2,3,2,1,1,1,1,"9,10",6,5,9,
2021-09-15 07:49:05,2021-09-15 07:57:24,0,69.245.223.190,100,498,1,2021-09-15 07:57:24,R_reyKoZ4xQaVU41j,,,,,41.8737945556640625,-87.966796875,anonymous,EN,1,1,45.56,109.551,116.081,2,5,5,5,5,3,"1,3,5,6,7,11,17,18,20,14",,"7,2,5,4",,1,3,1,2,1,1,,,,,,,,,,,,,,,11,6,5,9,Your website was blocked with my internet company because it was coming up as not secure. I was not able to really see anything but I am interested in the information that you mentioned.
2021-09-08 09:59:57,2021-09-08 10:16:19,0,174.192.198.174,45,982,0,2021-09-15 09:59:57,R_2DMNRZNq09hiIZL,,,,,,,anonymous,EN,1,1,6.127,22.867,23.849,6,2,2,2,2,2,"5,6,7,11,18,15,16,19",,"1,2",,,,,,,,,,,,,,,,,,,,,,,,,,
2021-09-08 10:02:57,2021-09-08 10:04:04,0,98.222.57.206,7,67,0,2021-09-15 10:02:58,R_vIkWdHoLHbuyExz,,,,,,,anonymous,EN,1,1,,,,,,,,,,,,,,,,,,,,,,,,,,,,,,,,,,,,,,
2021-09-08 10:03:29,2021-09-08 10:05:42,0,170.249.158.82,7,133,0,2021-09-15 10:03:29,R_2YnCx02dZLmlBw1,,,,,,,anonymous,EN,1,1,,,,,,,,,,,,,,,,,,,,,,,,,,,,,,,,,,,,,,
2021-09-08 10:05:08,2021-09-08 10:05:49,0,68.234.195.23,7,40,0,2021-09-15 10:05:08,R_2DRE80X1ko5cJC0,,,,,,,anonymous,EN,1,1,,,,,,,,,,,,,,,,,,,,,,,,,,,,,,,,,,,,,,
2021-09-15 10:22:07,2021-09-15 10:35:04,0,73.167.149.125,100,777,1,2021-09-15 10:35:05,R_12FsHeeZZGIyALl,,,,,42.4167022705078125,-71.68289947509765625,anonymous,EN,1,1,9.046,9.046,466.513,1,2,1,1,1,4,"3,18,19",,"1,7,3,2",,1,1,2,2,1,1,1,1,1,2,2,2,2,2,2,4,4,4,2,3,"9,10",7,5,9,"who can you turn to if you're afraid of doctors? I have PTSD and can't go to the gynecologist. Primary care is even somewhat scary to me. "
2021-09-08 10:42:37,2021-09-08 11:03:32,0,98.127.80.222,7,1255,0,2021-09-15 10:42:37,R_R3QOUn9q5US5XJD,,,,,,,anonymous,EN,1,1,,,,,,,,,,,,,,,,,,,,,,,,,,,,,,,,,,,,,,
2021-09-08 10:58:02,2021-09-08 10:58:16,0,24.218.110.111,14,14,0,2021-09-15 10:58:03,R_2e22XA2yTui3U4B,,,,,,,anonymous,EN,1,1,0,0,6.958,0,,,,,,,,,,,,,,,,,,,,,,,,,,,,,,,,,,
2021-09-08 11:19:27,2021-09-08 11:19:36,0,76.19.14.161,7,8,0,2021-09-15 11:19:28,R_AjNE2dKeCbMhuGR,,,,,,,anonymous,EN,1,1,,,,,,,,,,,,,,,,,,,,,,,,,,,,,,,,,,,,,,
2021-09-15 11:19:53,2021-09-15 11:39:13,0,99.123.156.29,100,1160,1,2021-09-15 11:39:13,R_SNv1xfL8U7RMmlj,,,,,34.00140380859375,-84.01439666748046875,anonymous,EN,1,1,2.186,11.642,12.518,5,2,1,1,2,4,"3,5,6,7,16",,"1,7,2",,2,1,1,2,1,3,2,1,1,2,1,4,1,2,3,3,2,3,2,2,"9,10",5,5,9,"I liked the ""Does it work?"" sections under each treatment option. "
2021-09-15 11:43:35,2021-09-15 12:12:13,0,76.14.4.206,100,1717,1,2021-09-15 12:12:13,R_a058F4ew00c2MFj,,,,,37.55169677734375,-122.3300018310546875,anonymous,EN,1,1,7.64,7.64,332.948,1,1,1,2,2,2,"5,7,12,11,10,15,16,14,19",,"2,5",,1,1,1,2,1,1,1,1,2,2,4,2,2,2,1,2,2,2,2,2,11,7,5,9,"I enjoyed the women's stories and also information on treatments for different symptoms.  The plan could be improved.  I didn't realize at first I needed to click on the treatment and then saw it was really just the treatment options I looked at earlier.  Overall, great site!"
2021-09-15 13:07:11,2021-09-15 13:39:15,0,167.248.16.223,100,1923,1,2021-09-15 13:39:16,R_25GI0YJfnKcIZYl,,,,,40.786895751953125,-96.696197509765625,anonymous,EN,1,1,6.713,8.468,9.998,2,2,2,2,3,2,"1,2,3,5,6,11,17,18,20,16,14,19",,"3,2",,2,2,2,1,2,1,2,1,1,1,2,1,3,2,2,2,,3,2,3,11,7,5,9,"In general, it's a good well rounded website. For someone with chronic illnesses, I have a hard time sorting out which symptom applies where. I have no idea how to reasonably apply answers to all variations onthe topic!"
2021-09-15 14:03:40,2021-09-15 14:06:57,0,67.246.107.243,100,197,1,2021-09-15 14:06:57,R_1GKsICpHGBcVMvO,,,,,43.32110595703125,-76.4033966064453125,anonymous,EN,1,1,10.301,10.301,13.05,1,1,1,1,1,1,"1,2,3,5,6,11,18,19",,"1,7,3",,1,1,1,1,1,2,1,1,1,1,1,1,1,1,2,1,2,2,2,2,11,5,5,9,
2021-09-15 14:14:34,2021-09-15 14:28:00,0,172.56.42.241,100,806,1,2021-09-15 14:28:01,R_z6hO0bImcMpoGNr,,,,,47.3011932373046875,-122.20660400390625,anonymous,EN,0.89999997615814208984375,1,13.633,26.366,27.164,10,2,2,2,2,1,"1,2,5,6,7,8,10,17,14",,7,,2,2,2,2,2,2,2,2,2,2,2,2,2,1,2,2,2,2,2,2,11,6,5,9,
2021-09-08 15:08:24,2021-09-08 15:16:27,0,192.184.223.133,79,482,0,2021-09-15 15:08:25,R_3JEslaaYzYzKzpO,,,,,,,anonymous,EN,1,1,6.856,6.856,314.236,1,2,2,2,2,3,21,,6,"interested in who is coming into this space. ",2,2,2,2,2,2,,,,,,,,,,,,,,,,,,,
2021-09-15 15:11:10,2021-09-15 15:44:19,0,174.208.98.89,100,1989,1,2021-09-15 15:44:20,R_W23JME65qcnvJ7j,,,,,38.5879058837890625,-121.405303955078125,anonymous,EN,1,1,10.799,13.602,14.622,3,2,1,1,1,1,"1,2,5,7,17,15,16,14",,"1,3,2,4",,1,1,1,2,2,2,1,1,1,1,1,2,1,2,3,3,3,1,2,2,11,6,5,9,"Site set up very easy to navigate, found information easily, each broken down within, to navigate efficiently to specific areas of information. The information on this web page really is the best I have found yet from start, or should I say Prestart ha ha, to finish and everything in between. Thank you for taking the time and dedication to put this most informative site I have been on. And thank you to your family's if it took time away from them to do it. Sincerely,  C"
2021-09-15 17:26:51,2021-09-15 17:34:19,0,174.193.129.207,100,448,1,2021-09-15 17:34:20,R_1oI0IELngNsSCsB,,,,,34.1100006103515625,-118.2606964111328125,anonymous,EN,1,1,5.921,12.001,183.45,3,3,2,3,2,2,"1,2,3,6,11,10,15,16,14,19",,"7,2,5",,2,1,1,3,2,2,4,2,2,4,4,2,2,2,3,4,4,2,2,4,9,6,5,,
2021-09-15 18:17:57,2021-09-15 18:31:52,0,107.167.225.149,100,835,1,2021-09-15 18:31:53,R_BFKVL9rv7ZLbc09,,,,,39.7978057861328125,-94.83930206298828125,anonymous,EN,0.89999997615814208984375,1,10.12,567.194,568.762,3,1,2,2,2,4,"1,2,20,19,22",,5,,2,2,1,1,1,2,1,1,1,1,2,2,1,1,2,2,2,2,2,2,9,5,5,9,
2021-09-09 06:48:30,2021-09-09 06:49:32,0,24.67.26.103,7,61,0,2021-09-16 06:48:32,R_3lrwAmoEioXpOty,,,,,,,anonymous,EN,0.89999997615814208984375,1,,,,,,,,,,,,,,,,,,,,,,,,,,,,,,,,,,,,,,
2021-09-16 06:44:53,2021-09-16 06:53:28,0,73.31.92.82,100,515,1,2021-09-16 06:53:28,R_2QZ1yBomkqzooxk,,,,,37.2093963623046875,-79.7454986572265625,anonymous,EN,1,1,3.672,241.701,245.195,4,2,2,3,3,2,"1,2,3,5,6,7,8,10,17,15,16,14,19",,"2,5",,2,2,1,2,1,3,2,2,1,4,1,2,2,3,3,3,3,2,2,3,9,7,5,9,
2021-09-16 06:49:40,2021-09-16 07:19:19,0,73.60.230.159,100,1779,1,2021-09-16 07:19:20,R_3siwsLRT70wJJXe,,,,,42.8596038818359375,-71.6147003173828125,anonymous,EN,0.800000011920928955078125,1,12.965,19.26,20.339,2,4,3,4,4,2,"1,5,11,17,20,14",,"1,7,3,2,4",,1,1,1,3,2,2,1,1,4,4,4,2,2,2,4,4,4,4,4,3,9,7,5,9,You listed a number of tools other than the menoplan in your survey question but I never saw any of those on the website. I accessed it originally because it said it could help determine at what stage I am and ai was interested to see that. So I guess I’ll go back and search harder? I did learn that dry eyes are part of menopause and I hadn’t known that. That’s a symptom by which I’ve been really bothered. And it was actually a little scary to read that it might be a permanent thing. Also the only proven treatment for joint pain is hypnosis?? That seems odd.
2021-09-16 07:10:59,2021-09-16 07:29:10,0,76.240.242.37,100,1091,1,2021-09-16 07:29:10,R_plpEONGRwGi4LPr,,,,,28.206207275390625,-80.68740081787109375,anonymous,EN,1,1,27.089,36.05,40.644,3,2,1,2,2,2,"2,5,6,7,11,20,14,19",,"2,8",,1,1,2,1,1,1,1,2,1,1,2,1,2,2,2,2,2,2,2,2,"9,6",6,5,9,
2021-09-16 09:30:54,2021-09-16 09:46:09,0,198.72.139.156,100,915,1,2021-09-16 09:46:09,R_2vYYd3IyUt9c4IV,,,,,34.431793212890625,-118.50030517578125,anonymous,EN,0.89999997615814208984375,1,1.936,2.793,3.501,2,4,4,4,4,2,"1,2,3,7,11,18,20,16,19",,"1,2",,3,1,1,3,1,3,4,2,2,4,4,2,4,2,5,3,3,4,4,3,"9,10",5,5,9,Took a long time to load each page. Info was basic and nothing new or insightful
2021-09-16 09:49:45,2021-09-16 10:05:14,0,76.115.179.84,100,928,1,2021-09-16 10:05:14,R_129n78gqBPDaApl,,,,,44.06829833984375,-123.07630157470703125,anonymous,EN,1,1,10.302,317.718,318.718,4,1,2,2,1,2,"1,2,3,5,6,7,11,17,18",,"1,3,2",,1,1,1,2,2,3,1,1,1,2,2,4,2,3,3,3,2,3,2,2,11,7,5,9,
2021-09-16 10:17:42,2021-09-16 10:23:19,0,104.48.131.203,100,336,1,2021-09-16 10:23:19,R_3NSnrA2jScFh5bH,,,,,40.148193359375,-82.98239898681640625,anonymous,EN,1,1,3.402,123.834,125.291,2,3,3,2,3,2,"1,2,3,11,10,15,16,19",,6,You asked me to and I was curious,2,2,2,2,2,3,2,1,2,4,2,4,3,2,4,4,4,4,2,4,"9,4",7,5,9,"This is pretty much info I had before. What my friends and I are all discussing and struggling with is hormones vs. bioidentical hormones. How to get good info, how to figure out what the research really says. What are the benefits/risks. Our doctors are either noncommittal or have strong bias for/against. We talk about this almost every time we get together."
2021-09-16 11:27:08,2021-09-16 11:33:54,0,154.21.216.69,100,406,1,2021-09-16 11:33:55,R_1d6neQh3ggW3XpZ,,,,,37.393096923828125,-121.962005615234375,anonymous,EN,0.5,1,4.637,4.637,6.735,1,2,2,2,2,2,"1,2,3,8,19",,"3,2",,2,1,1,2,2,2,2,2,2,2,2,2,3,2,2,3,3,3,2,2,"9,10",8,5,9,
2021-09-09 11:48:51,2021-09-09 11:50:11,0,107.127.28.46,14,79,0,2021-09-16 11:48:52,R_2eOt4dpifk6m93D,,,,,,,anonymous,EN,0.89999997615814208984375,1,8.833,8.833,10.138,1,,,,,,,,,,,,,,,,,,,,,,,,,,,,,,,,,,
2021-09-09 11:54:51,2021-09-09 12:05:44,0,150.195.14.43,7,653,0,2021-09-16 11:54:53,R_DOSApZneCUaS6g9,,,,,,,anonymous,EN,1,1,,,,,,,,,,,,,,,,,,,,,,,,,,,,,,,,,,,,,,
2021-09-09 12:01:02,2021-09-09 12:02:28,0,50.81.245.27,7,85,0,2021-09-16 12:01:03,R_1EhgvuDjVnyUpPV,,,,,,,anonymous,EN,1,1,,,,,,,,,,,,,,,,,,,,,,,,,,,,,,,,,,,,,,
2021-09-09 12:59:52,2021-09-09 13:00:16,0,128.23.49.141,14,23,0,2021-09-16 12:59:52,R_2BywVmInMxZKoAB,,,,,,,anonymous,EN,1,1,0,0,9.977,0,,,,,,,,,,,,,,,,,,,,,,,,,,,,,,,,,,
2021-09-16 13:24:24,2021-09-16 13:45:04,0,206.248.62.41,100,1240,1,2021-09-16 13:45:05,R_211fqrnwMgv6b80,,,,,32.3321990966796875,-96.62059783935546875,anonymous,EN,1,1,5.857,12.02,334.678,2,1,1,1,1,3,"1,2,3,6,11,17,19",,"3,2",,1,1,1,2,1,2,1,1,1,2,1,2,1,1,1,3,2,2,2,1,"9,4,5",7,5,9,
2021-09-09 13:48:36,2021-09-09 13:49:23,0,96.228.25.192,7,47,0,2021-09-16 13:48:36,R_1rNw24bdDRlDGBr,,,,,,,anonymous,EN,0.89999997615814208984375,1,,,,,,,,,,,,,,,,,,,,,,,,,,,,,,,,,,,,,,
2021-09-16 14:31:37,2021-09-16 14:39:09,0,149.20.248.112,100,452,1,2021-09-16 14:39:10,R_1OH1YC696ADe3sJ,,,,,38.1233062744140625,-85.962799072265625,anonymous,EN,1,1,11.078,16.052,17.561,4,2,2,2,2,3,"1,2,3,10,17,16,14",,2,,2,2,1,2,1,2,1,2,2,2,2,2,3,2,3,4,3,4,3,2,11,6,5,9,
2021-09-16 16:06:27,2021-09-16 16:21:51,0,107.77.165.21,100,923,1,2021-09-16 16:21:52,R_V3V3lIdAHZcrnJD,,,,,34.0543975830078125,-118.2440032958984375,anonymous,EN,0.89999997615814208984375,1,3.903,305.423,306.648,2,1,1,2,2,2,"2,3",,"3,2,4",,1,1,1,2,1,2,1,1,1,2,1,2,2,2,3,3,2,2,2,3,9,6,5,9,
2021-09-16 16:27:15,2021-09-16 17:05:08,0,70.114.177.62,100,2272,1,2021-09-16 17:05:09,R_1M0yNjmTOi4zIwh,,,,,30.5088958740234375,-97.67960357666015625,anonymous,EN,1,1,15.138,15.138,345.485,1,1,1,2,2,1,"3,5,12,11,16",,"1,3,2,4",,1,1,2,1,1,1,2,1,2,1,2,1,2,1,2,2,1,2,2,2,"9,10",5,5,7,"The website was great! It was really informative and very pretty so it was nice to navigate. I did notice some typos here and there (some words were repeated) and while I know that BMI is widely used medically, it's not necessarily the best thing for people to use to track their weight. I also appreciated the diversity of the photos used on the site and the diversity of the women featured in the ""Women's Stories"" section but I was really disappointed in the lack of diversity in the research team. I am also a researcher (based out of UT Austin) focusing on reproductive health and am a BIPOC. I find that BIPOC voices are sorely missing when talking about health so I do wish there was more diversity in the lead researchers. As noted throughout the site, menopause and peri-menopause aren't talked about enough and can come seemingly out of nowhere for many women (it did for me!). I think this can be compounded in cultures where there is increased stigma about anything related to reproductive health. "
2021-09-16 17:18:40,2021-09-16 17:21:27,0,174.80.184.76,100,167,1,2021-09-16 17:21:27,R_1jGJJbrslmhWbkg,,,,,33.6011962890625,-85.05069732666015625,anonymous,EN,1,1,0,0,2.08,0,2,2,3,3,4,"1,3,6,18,20,14",,"1,7,3,2,8,4",,2,2,2,2,2,2,2,2,2,2,2,2,3,3,3,3,3,5,3,3,11,7,5,9,
2021-09-16 18:12:33,2021-09-16 18:24:18,0,24.236.189.194,100,704,1,2021-09-16 18:24:19,R_3iseYdHdowS2lMg,,,,,43.607696533203125,-83.949798583984375,anonymous,EN,0.89999997615814208984375,1,8.888,13.329,479.175,3,2,2,2,2,4,"2,3,5,6,7,12,17,18,14",,"1,3,2,5,4",,1,1,1,2,2,2,1,1,2,2,2,1,2,3,3,2,2,2,3,3,"9,6",7,5,9,
