,numNA,StartDate,EndDate,userId,Unnamed: 0,ResponseId,AllViewedPages,Pageviews,Unique Pageviews,?s=Anxiety,?s=Transgender,about,acupuncture,am-i-in-menopause,avoiding-triggers,avoiding-weight-gain,bladder-control-problems,brain-fog-cognitive-issues,clinical-hypnosis,clonidine,cognitive-behavioral-therapy,cognitive-behavioral-therapy-for-sleep,cooling-techniques,create-my-menoplan,dealing-with-bladder-control,dealing-with-brain-fog,dealing-with-dry-eyes,dealing-with-dry-hair-skin,dealing-with-physical-aches-pains,dry-eyes,dry-hair-skin,exercise,featured-video,gabapentin-and-pregabalin,heavy-irregular-periods,herbal-remedies-and-supplements,homepage,hormone-therapy,hot-flashes,low-sex-drive,meditation-mindfulness-mindfulness-based-stress-reduction,mood-depression-anxiety,omega-3-fatty-acids,ospemifene,our-story,our-team,paced-breathing,pain-with-sex,pelvic-floor-physical-therapy,physical-aches-pains,publications,questions-and-answers,science,sedatives,sleep-problems-insomnia,soy-foods-and-supplements,ssris-and-snris,staying-healthy-in-midlife,strategies-to-talk-with-your-doctor,symptoms-landing-page,tai-chi,team/susan-d-reed-md-mph,test/anxiety-assessment,test/depression-assessment,test/insomnia-severity-index,treatment-template-shorter-table-of-contents-2,treatments,vagina-pain-dryness-not-during-sex,vaginal-dilators,vaginal-estrogen,vaginal-laser-therapy,vaginal-lubricants-and-moisturizers,vaginal-physical-therapy,vitamins,weight-gain,what-if-i-have-breast-cancer,what-if-im-transgender-or-nonbinary,who-we-are,womens-stories,yoga,insomnia-severity-index-results,anxiety-assessment-results,depression-assessment-results,Status,Progress,Duration (in seconds),Finished,RecordedDate,RecipientLastName,RecipientFirstName,RecipientEmail,ExternalReference,LocationLatitude,LocationLongitude,DistributionChannel,UserLanguage,Q_RecaptchaScore,Q2,Q30_First Click,Q30_Last Click,Q30_Page Submit,Q30_Click Count,Q4,Q5,Q6,Q7,Q8,Q9,Q10,Q11,Q12,Q13_1,Q13_2,Q13_3,Q13_4,Q13_5,Q13_6,Q14_1,Q14_2,Q14_3,Q14_4,Q14_5,Q14_6,Q15,Q16,Q17,Q18,Q19,Q20,Q21,Q22,Q23,Q24,Q25,Q27,Q28,IPFreq,firstStartDate
0,38,2021-10-10 12:21:39,2021-10-10 12:22:51,SmnJZU2U,418,R_3dKTlqvq2p9IBq5,"am-i-in-menopause,homepage,questions-and-answers,symptoms-landing-page,womens-stories",7,5,,,,,3.0,,,,,,,,,,,,,,,,,,,,,,,1.0,,,,,,,,,,,,,,,1.0,,,,,,,,1.0,,,,,,,,,,,,,,,,,,,1.0,,0.0,0.0,0.0,0,7,72,0,2021-10-17 12:21:47,,,,,,,anonymous,EN,1.0,1,,,,,,,,,,,,,,,,,,,,,,,,,,,,,,,,,,,,,,,1,2021-10-10 12:21:39
1,34,2021-09-26 15:07:20,2021-09-26 15:07:48,8tDhxC2A,283,R_2dF3VINsS3Cmw6s,"homepage,create-my-menoplan",2,2,,,,,,,,,,,,,,,1.0,,,,,,,,,,,,,1.0,,,,,,,,,,,,,,,,,,,,,,,,,,,,,,,,,,,,,,,,,,,,0.0,0.0,0.0,0,14,28,0,2021-10-03 15:07:24,,,,,,,anonymous,EN,1.0,1,5.807,5.807,8.129,1.0,,,,,,,,,,,,,,,,,,,,,,,,,,,,,,,,,,,1,2021-09-26 15:07:20
2,38,2021-10-06 20:44:14,2021-10-06 20:44:54,0mujxT8L,2,R_0NbMOLqADTJZFgB,"homepage,am-i-in-menopause,staying-healthy-in-midlife",5,3,,,,,2.0,,,,,,,,,,,,,,,,,,,,,,,2.0,,,,,,,,,,,,,,,,,,,,,1.0,,,,,,,,,,,,,,,,,,,,,,,0.0,0.0,0.0,0,7,40,0,2021-10-13 20:44:14,,,,,,,anonymous,EN,1.0,1,,,,,,,,,,,,,,,,,,,,,,,,,,,,,,,,,,,,,,,1,2021-10-06 20:44:14
3,3,2021-10-01 12:19:17,2021-10-01 12:32:20,LiihAtdt,211,R_2CvJTbC6Hph1OWy,"am-i-in-menopause,homepage,create-my-menoplan,dealing-with-brain-fog,dry-eyes,omega-3-fatty-acids,physical-aches-pains,symptoms-landing-page,womens-stories",10,9,,,,,2.0,,,,,,,,,,1.0,,1.0,,,,1.0,,,,,,,1.0,,,,,,1.0,,,,,,,1.0,,,,,,,,,,1.0,,,,,,,,,,,,,,,,,,,1.0,,0.0,0.0,0.0,0,100,783,1,2021-10-01 12:32:21,,,,,26.455398559570312,-80.07550048828125,anonymous,EN,0.899999976158142,1,9.817,9.817,321.865,1.0,1.0,1.0,1.0,1.0,2.0,"2,3,11,10,20,14",,"1,7,3,2,4",,1.0,1.0,1.0,2.0,1.0,2.0,1.0,1.0,1.0,2.0,1.0,2.0,1.0,1.0,1.0,1.0,1.0,1.0,1.0,1.0,"9,10",7.0,5.0,5,,1,2021-10-01 12:19:17
4,38,2021-09-27 20:40:19,2021-09-27 20:43:11,D5ZmAJB3,51,R_1IgEMufVnEMZGKn,"homepage,hot-flashes,symptoms-landing-page",3,3,,,,,,,,,,,,,,,,,,,,,,,,,,,,1.0,,1.0,,,,,,,,,,,,,,,,,,,,,1.0,,,,,,,,,,,,,,,,,,,,,0.0,0.0,0.0,0,7,172,0,2021-10-04 20:40:22,,,,,,,anonymous,EN,0.899999976158142,1,,,,,,,,,,,,,,,,,,,,,,,,,,,,,,,,,,,,,,,1,2021-09-27 20:40:19
5,38,2021-10-02 14:34:53,2021-10-02 14:35:58,xrWVOchF,625,R_vvoSzwNnxm0FFNT,"homepage,about,am-i-in-menopause,create-my-menoplan,dealing-with-bladder-control,questions-and-answers,staying-healthy-in-midlife",8,8,,,1.0,,1.0,,,,,,,,,,1.0,1.0,,,,,,,,,,,,2.0,,,,,,,,,,,,,,,1.0,,,,,,1.0,,,,,,,,,,,,,,,,,,,,,,,0.0,0.0,0.0,0,7,65,0,2021-10-09 14:34:53,,,,,,,anonymous,EN,1.0,1,,,,,,,,,,,,,,,,,,,,,,,,,,,,,,,,,,,,,,,1,2021-10-02 14:34:53
6,3,2021-09-26 11:17:52,2021-09-26 11:23:58,WbnFQGyf,426,R_3ffSWhRcxpaW69T,"homepage,am-i-in-menopause,questions-and-answers",3,3,,,,,1.0,,,,,,,,,,,,,,,,,,,,,,,1.0,,,,,,,,,,,,,,,1.0,,,,,,,,,,,,,,,,,,,,,,,,,,,,,0.0,0.0,0.0,0,100,365,1,2021-09-26 11:23:58,,,,,41.44590759277344,-81.42120361328125,anonymous,EN,1.0,1,4.97,4.97,189.574,1.0,2.0,1.0,2.0,2.0,2.0,"3,7",,7,,3.0,2.0,2.0,2.0,2.0,3.0,2.0,2.0,2.0,2.0,2.0,4.0,3.0,2.0,3.0,3.0,3.0,3.0,2.0,3.0,11,6.0,5.0,9,,1,2021-09-26 11:17:52
7,38,2021-10-07 09:20:32,2021-10-07 09:21:26,ZdDCN17a,269,R_2aQbtQQ7p6e4NBR,"homepage,create-my-menoplan,dealing-with-brain-fog",3,3,,,,,,,,,,,,,,,1.0,,1.0,,,,,,,,,,,1.0,,,,,,,,,,,,,,,,,,,,,,,,,,,,,,,,,,,,,,,,,,,,0.0,0.0,0.0,0,7,53,0,2021-10-14 09:20:33,,,,,,,anonymous,EN,1.0,1,,,,,,,,,,,,,,,,,,,,,,,,,,,,,,,,,,,,,,,1,2021-10-07 09:20:32
8,3,2021-09-26 11:44:56,2021-09-26 11:57:16,Lc8k4uuz,588,R_blt3Y5uVrGrKQi5,"homepage,am-i-in-menopause,cooling-techniques,create-my-menoplan,low-sex-drive,sleep-problems-insomnia,test/insomnia-severity-index,test/insomnia-severity-index/5u7e0dc1f0034cc261b998cb306ee34c7f,treatment-template-shorter-table-of-contents-2",11,9,,,,,2.0,,,,,,,,,1.0,1.0,,,,,,,,,,,,,2.0,,,1.0,,,,,,,,,,,,,,,1.0,,,,,,,,,,1.0,1.0,,,,,,,,,,,,,,,1.0,0.0,0.0,0,100,740,1,2021-09-26 11:57:16,,,,,32.30119323730469,-90.18340301513673,anonymous,EN,,1,8.827,8.827,326.095,1.0,2.0,2.0,3.0,3.0,3.0,"3,5,6,11,8,16,19",,"1,2",,1.0,1.0,1.0,1.0,1.0,3.0,1.0,1.0,2.0,1.0,2.0,2.0,2.0,2.0,2.0,3.0,4.0,4.0,2.0,4.0,"9,10,4",7.0,5.0,9,,1,2021-09-26 11:44:56
9,38,2021-09-25 14:27:15,2021-09-25 14:34:29,B8w820UX,214,R_2E7a9ifzUM1sHqM,"symptoms-landing-page,create-my-menoplan,homepage,about,bladder-control-problems,heavy-irregular-periods,low-sex-drive,mood-depression-anxiety,questions-and-answers,vagina-pain-dryness-not-during-sex",15,11,,,1.0,,,,,1.0,,,,,,,2.0,,,,,,,,,,,1.0,,1.0,,,1.0,,1.0,,,,,,,,,,1.0,,,,,,,,5.0,,,,,,,,1.0,,,,,,,,,,,,,0.0,0.0,0.0,0,7,433,0,2021-10-02 14:27:16,,,,,,,anonymous,EN,0.899999976158142,1,,,,,,,,,,,,,,,,,,,,,,,,,,,,,,,,,,,,,,,1,2021-09-25 14:27:15
10,38,2021-09-26 16:19:44,2021-09-26 16:23:26,Tmbq8Tjl,152,R_1rO0XXusXbeAF04,"homepage,about,questions-and-answers",3,3,,,1.0,,,,,,,,,,,,,,,,,,,,,,,,,1.0,,,,,,,,,,,,,,,1.0,,,,,,,,,,,,,,,,,,,,,,,,,,,,,0.0,0.0,0.0,0,7,222,0,2021-10-03 16:19:45,,,,,,,anonymous,EN,0.899999976158142,1,,,,,,,,,,,,,,,,,,,,,,,,,,,,,,,,,,,,,,,1,2021-09-26 16:19:44
11,38,2021-10-01 11:10:53,2021-10-01 11:11:26,tRhZ8kIe,109,R_1gBhKNFVX9UzBph,homepage,1,1,,,,,,,,,,,,,,,,,,,,,,,,,,,,1.0,,,,,,,,,,,,,,,,,,,,,,,,,,,,,,,,,,,,,,,,,,,,0.0,0.0,0.0,0,7,33,0,2021-10-08 11:10:54,,,,,,,anonymous,EN,0.899999976158142,1,,,,,,,,,,,,,,,,,,,,,,,,,,,,,,,,,,,,,,,1,2021-10-01 11:10:53
12,38,2021-09-25 12:48:39,2021-09-25 12:49:47,iSSVAI1O,29,R_1CwtyLgwVNhjWdp,"dry-eyes,symptoms-landing-page,homepage,physical-aches-pains",6,4,,,,,,,,,,,,,,,,,,,,,2.0,,,,,,,1.0,,,,,,,,,,,,,1.0,,,,,,,,,,2.0,,,,,,,,,,,,,,,,,,,,,0.0,0.0,0.0,0,7,67,0,2021-10-02 12:48:43,,,,,,,anonymous,EN,1.0,1,,,,,,,,,,,,,,,,,,,,,,,,,,,,,,,,,,,,,,,1,2021-09-25 12:48:39
13,38,2021-09-25 08:12:36,2021-09-25 08:15:03,qMT9LAdh,457,R_3nGmiFVG9tXli4W,"homepage,am-i-in-menopause,dealing-with-dry-hair-skin,treatments,what-if-i-have-breast-cancer",5,5,,,,,1.0,,,,,,,,,,,,,,1.0,,,,,,,,,1.0,,,,,,,,,,,,,,,,,,,,,,,,,,,,,,1.0,,,,,,,,,1.0,,,,,0.0,0.0,0.0,0,7,147,0,2021-10-02 08:12:39,,,,,,,anonymous,EN,0.899999976158142,1,,,,,,,,,,,,,,,,,,,,,,,,,,,,,,,,,,,,,,,1,2021-09-25 08:12:36
14,38,2021-10-07 19:06:22,2021-10-07 19:07:43,VqN6Wboi,622,R_uyQi9Quha36Nuz7,"homepage,create-my-menoplan",2,2,,,,,,,,,,,,,,,1.0,,,,,,,,,,,,,1.0,,,,,,,,,,,,,,,,,,,,,,,,,,,,,,,,,,,,,,,,,,,,0.0,0.0,0.0,0,7,80,0,2021-10-14 19:06:22,,,,,,,anonymous,EN,0.899999976158142,1,,,,,,,,,,,,,,,,,,,,,,,,,,,,,,,,,,,,,,,1,2021-10-07 19:06:22
15,3,2021-10-18 12:11:50,2021-10-18 12:24:00,mbEdQeFw,480,R_41H2cFzJbyF6IGR,"symptoms-landing-page,homepage,brain-fog-cognitive-issues,create-my-menoplan,hot-flashes,low-sex-drive,our-team",10,7,,,,,,,,,1.0,,,,,,1.0,,,,,,,,,,,,,2.0,,1.0,1.0,,,,,,1.0,,,,,,,,,,,,,,3.0,,,,,,,,,,,,,,,,,,,,,0.0,0.0,0.0,0,100,729,1,2021-10-18 12:24:00,,,,,43.52479553222656,-70.45590209960938,anonymous,EN,1.0,1,1.508,2.267,9.284,2.0,2.0,2.0,2.0,2.0,2.0,"1,2,5,7,11,17,18",,"3,2,4",,2.0,2.0,2.0,2.0,1.0,2.0,2.0,2.0,2.0,2.0,2.0,2.0,2.0,2.0,3.0,3.0,2.0,3.0,2.0,2.0,9,5.0,5.0,9,,1,2021-10-18 12:11:50
16,38,2021-09-27 22:14:17,2021-09-27 22:15:04,O13oxrrf,263,R_2YadGjN7nMBOsY1,homepage,3,3,,,,,,,,,,,,,,,,,,,,,,,,,,,,3.0,,,,,,,,,,,,,,,,,,,,,,,,,,,,,,,,,,,,,,,,,,,,0.0,0.0,0.0,0,7,46,0,2021-10-04 22:14:18,,,,,,,anonymous,EN,1.0,1,,,,,,,,,,,,,,,,,,,,,,,,,,,,,,,,,,,,,,,1,2021-09-27 22:14:17
17,34,2021-09-25 23:58:50,2021-09-25 23:59:10,ZJF03NoQ,190,R_28HRVGcZqHSJvw4,"homepage,hot-flashes,sleep-problems-insomnia,symptoms-landing-page",4,4,,,,,,,,,,,,,,,,,,,,,,,,,,,,1.0,,1.0,,,,,,,,,,,,,,,,1.0,,,,,1.0,,,,,,,,,,,,,,,,,,,,,0.0,0.0,0.0,0,14,19,0,2021-10-02 23:58:52,,,,,,,anonymous,EN,1.0,1,5.276,7.462,8.447,3.0,,,,,,,,,,,,,,,,,,,,,,,,,,,,,,,,,,,1,2021-09-25 23:58:50
18,2,2021-10-17 09:34:23,2021-10-17 09:39:10,f6cIeP03,356,R_3COeM2HjQJfHrjg,"create-my-menoplan,homepage,am-i-in-menopause,cognitive-behavioral-therapy-for-sleep,vaginal-dilators",9,5,,,,,2.0,,,,,,,,1.0,,3.0,,,,,,,,,,,,,2.0,,,,,,,,,,,,,,,,,,,,,,,,,,,,,,,,1.0,,,,,,,,,,,,0.0,0.0,0.0,0,100,287,1,2021-10-17 09:39:11,,,,,39.6260986328125,-119.69960021972656,anonymous,EN,1.0,1,1.083,3.637,4.668,3.0,2.0,2.0,3.0,2.0,4.0,"1,2,5,6,7,12,10,13,18,14,19",,"1,3,2,8,4",,2.0,1.0,1.0,2.0,2.0,1.0,2.0,2.0,2.0,2.0,2.0,2.0,2.0,2.0,2.0,2.0,2.0,3.0,2.0,2.0,9,6.0,5.0,9,Mommameeya3@outlook.com,1,2021-10-17 09:34:23
19,38,2021-09-25 09:47:53,2021-09-25 09:49:38,myZh2WAd,253,R_2X0uH37wCSyS6K1,"symptoms-landing-page,homepage,bladder-control-problems,create-my-menoplan,dealing-with-physical-aches-pains,physical-aches-pains",7,6,,,,,,,,1.0,,,,,,,1.0,,,,,1.0,,,,,,,,1.0,,,,,,,,,,,,,1.0,,,,,,,,,,2.0,,,,,,,,,,,,,,,,,,,,,0.0,0.0,0.0,0,7,104,0,2021-10-02 09:47:55,,,,,,,anonymous,EN,1.0,1,,,,,,,,,,,,,,,,,,,,,,,,,,,,,,,,,,,,,,,1,2021-09-25 09:47:53
20,34,2021-09-28 08:07:16,2021-09-28 08:07:28,SkkiYD1w,353,R_33awCPwxMUpw1aT,"homepage,am-i-in-menopause",2,2,,,,,1.0,,,,,,,,,,,,,,,,,,,,,,,1.0,,,,,,,,,,,,,,,,,,,,,,,,,,,,,,,,,,,,,,,,,,,,0.0,0.0,0.0,0,14,11,0,2021-10-05 08:07:17,,,,,,,anonymous,EN,1.0,1,2.394,3.527,4.158,3.0,,,,,,,,,,,,,,,,,,,,,,,,,,,,,,,,,,,1,2021-09-28 08:07:16
21,38,2021-09-28 08:57:35,2021-09-28 08:58:40,FaKRV0Xk,126,R_1kUNFXx51fkHzDz,"am-i-in-menopause,homepage,questions-and-answers,create-my-menoplan,what-if-im-transgender-or-nonbinary",9,7,,,,,3.0,,,,,,,,,,1.0,,,,,,,,,,,,,2.0,,,,,,,,,,,,,,,2.0,,,,,,,,,,,,,,,,,,,,,,,,,1.0,,,,0.0,0.0,0.0,0,7,65,0,2021-10-05 08:57:36,,,,,,,anonymous,EN,1.0,1,,,,,,,,,,,,,,,,,,,,,,,,,,,,,,,,,,,,,,,1,2021-09-28 08:57:35
22,38,2021-09-25 06:49:55,2021-09-25 06:50:40,Ysy7FdQ6,621,R_ukQrhZWpm3yb83L,"symptoms-landing-page,homepage,am-i-in-menopause,strategies-to-talk-with-your-doctor",5,4,,,,,1.0,,,,,,,,,,,,,,,,,,,,,,,1.0,,,,,,,,,,,,,,,,,,,,,,1.0,2.0,,,,,,,,,,,,,,,,,,,,,0.0,0.0,0.0,0,7,45,0,2021-10-02 06:49:59,,,,,,,anonymous,EN,1.0,1,,,,,,,,,,,,,,,,,,,,,,,,,,,,,,,,,,,,,,,1,2021-09-25 06:49:55
23,38,2021-10-07 09:56:09,2021-10-07 09:57:14,7u4L0XHQ,316,R_2uy5QYXijikKMH3,"homepage,am-i-in-menopause",2,2,,,,,1.0,,,,,,,,,,,,,,,,,,,,,,,1.0,,,,,,,,,,,,,,,,,,,,,,,,,,,,,,,,,,,,,,,,,,,,0.0,0.0,0.0,0,7,65,0,2021-10-14 09:56:10,,,,,,,anonymous,EN,0.899999976158142,1,,,,,,,,,,,,,,,,,,,,,,,,,,,,,,,,,,,,,,,1,2021-10-07 09:56:09
24,38,2021-09-25 12:53:40,2021-09-25 13:03:51,2lU815sT,146,R_1pxJjwkzCNy1QjQ,"mood-depression-anxiety,symptoms-landing-page,homepage,create-my-menoplan,dealing-with-brain-fog,hot-flashes",8,6,,,,,,,,,,,,,,,1.0,,1.0,,,,,,,,,,,1.0,,1.0,,,2.0,,,,,,,,,,,,,,,,,,2.0,,,,,,,,,,,,,,,,,,,,,0.0,0.0,0.0,0,7,611,0,2021-10-02 12:53:41,,,,,,,anonymous,EN,1.0,1,,,,,,,,,,,,,,,,,,,,,,,,,,,,,,,,,,,,,,,1,2021-09-25 12:53:40
25,38,2021-10-02 16:28:26,2021-10-02 16:30:27,DOFFltHm,555,R_Ubc4Nsuf1XLHPQl,homepage,1,1,,,,,,,,,,,,,,,,,,,,,,,,,,,,1.0,,,,,,,,,,,,,,,,,,,,,,,,,,,,,,,,,,,,,,,,,,,,0.0,0.0,0.0,0,7,120,0,2021-10-09 16:28:26,,,,,,,anonymous,EN,0.800000011920929,1,,,,,,,,,,,,,,,,,,,,,,,,,,,,,,,,,,,,,,,1,2021-10-02 16:28:26
26,38,2021-09-26 08:12:46,2021-09-26 08:42:57,5O5NEbeh,11,R_11ZwRfXNCQtxu5k,"homepage,am-i-in-menopause,create-my-menoplan,our-story,our-team,questions-and-answers,strategies-to-talk-with-your-doctor,womens-stories",18,9,,,,,2.0,,,,,,,,,,2.0,,,,,,,,,,,,,4.0,,,,,,,,2.0,2.0,,,,,,2.0,,,,,,,2.0,,,,,,,,,,,,,,,,,,,,2.0,,0.0,0.0,0.0,0,7,1811,0,2021-10-03 08:12:48,,,,,,,anonymous,EN,0.899999976158142,1,,,,,,,,,,,,,,,,,,,,,,,,,,,,,,,,,,,,,,,1,2021-09-26 08:12:46
27,38,2021-10-07 09:40:04,2021-10-07 09:41:41,0HHElvEL,24,R_1CeYEguvPZsHK8M,"sleep-problems-insomnia,symptoms-landing-page,homepage,hot-flashes",6,4,,,,,,,,,,,,,,,,,,,,,,,,,,,,1.0,,1.0,,,,,,,,,,,,,,,,2.0,,,,,2.0,,,,,,,,,,,,,,,,,,,,,0.0,0.0,0.0,0,7,96,0,2021-10-14 09:40:05,,,,,,,anonymous,EN,0.899999976158142,1,,,,,,,,,,,,,,,,,,,,,,,,,,,,,,,,,,,,,,,1,2021-10-07 09:40:04
28,38,2021-09-27 17:31:12,2021-09-27 17:32:15,X2gvnxVT,25,R_1CedGaIRt7KT27u,"homepage,am-i-in-menopause",2,2,,,,,1.0,,,,,,,,,,,,,,,,,,,,,,,1.0,,,,,,,,,,,,,,,,,,,,,,,,,,,,,,,,,,,,,,,,,,,,0.0,0.0,0.0,0,7,62,0,2021-10-04 17:31:13,,,,,,,anonymous,EN,0.899999976158142,1,,,,,,,,,,,,,,,,,,,,,,,,,,,,,,,,,,,,,,,1,2021-09-27 17:31:12
29,3,2021-10-06 22:17:08,2021-10-06 22:24:16,CZ50WtZw,32,R_1Ebr8FnNHPTA8fV,"strategies-to-talk-with-your-doctor,homepage,am-i-in-menopause,staying-healthy-in-midlife,what-if-im-transgender-or-nonbinary",9,5,,,,,2.0,,,,,,,,,,,,,,,,,,,,,,,2.0,,,,,,,,,,,,,,,,,,,,,1.0,3.0,,,,,,,,,,,,,,,,,,1.0,,,,0.0,0.0,0.0,0,100,427,1,2021-10-06 22:24:16,,,,,32.653900146484375,-116.977294921875,anonymous,EN,1.0,1,1.949,18.914,19.962,9.0,2.0,2.0,3.0,3.0,2.0,"1,3,6,7,12,17,18",,"2,5,8",,2.0,2.0,1.0,2.0,3.0,3.0,2.0,2.0,4.0,4.0,4.0,4.0,4.0,4.0,4.0,2.0,4.0,4.0,4.0,4.0,11,6.0,5.0,9,,1,2021-10-06 22:17:08
30,2,2021-10-03 14:29:36,2021-10-03 14:33:31,swmuAIRb,40,R_1GJt1Le85WJC20E,homepage,1,1,,,,,,,,,,,,,,,,,,,,,,,,,,,,1.0,,,,,,,,,,,,,,,,,,,,,,,,,,,,,,,,,,,,,,,,,,,,0.0,0.0,0.0,0,100,235,1,2021-10-03 14:33:32,,,,,47.395706176757805,-122.30360412597656,anonymous,EN,1.0,1,1.636,12.129,18.1,5.0,1.0,1.0,1.0,1.0,1.0,"1,3,6,7,12,10,16",,"1,7,3,2,5,8,4",,1.0,1.0,1.0,1.0,1.0,1.0,1.0,1.0,1.0,1.0,1.0,1.0,1.0,1.0,1.0,1.0,1.0,1.0,1.0,1.0,"9,10,4,5,6,7",7.0,5.0,4,I wouldn't change anything ,1,2021-10-03 14:29:36
31,3,2021-10-12 15:09:58,2021-10-12 15:24:41,fjhIxOAe,619,R_tRIai2ePawiTUxH,"am-i-in-menopause,create-my-menoplan,homepage,our-story,questions-and-answers,treatments",8,7,,,,,2.0,,,,,,,,,,2.0,,,,,,,,,,,,,1.0,,,,,,,,1.0,,,,,,,1.0,,,,,,,,,,,,,,,1.0,,,,,,,,,,,,,,0.0,0.0,0.0,0,100,882,1,2021-10-12 15:24:41,,,,,47.395706176757805,-122.30360412597656,anonymous,EN,1.0,1,6.766,309.99,312.169,2.0,2.0,2.0,2.0,2.0,1.0,"1,3,12,11,10,20,14",,"1,7,3,5",,1.0,1.0,1.0,2.0,2.0,2.0,2.0,2.0,2.0,1.0,2.0,2.0,3.0,2.0,2.0,2.0,2.0,2.0,2.0,2.0,"9,10",6.0,5.0,9,,1,2021-10-12 15:09:58
32,38,2021-10-01 22:51:59,2021-10-01 22:52:43,mnLLw19v,265,R_2ZJk3Cc0CxumorR,"symptoms-landing-page,dry-eyes,homepage,create-my-menoplan,dealing-with-dry-eyes,physical-aches-pains,sleep-problems-insomnia,test/insomnia-severity-index,test/insomnia-severity-index/60a5b2de3e575f8a730c06d5eeffc783a2",15,9,,,,,,,,,,,,,,,1.0,,,1.0,,,3.0,,,,,,,1.0,,,,,,,,,,,,,1.0,,,,,1.0,,,,,5.0,,,,,1.0,,,,,,,,,,,,,,,,1.0,0.0,0.0,0,7,44,0,2021-10-08 22:52:00,,,,,,,anonymous,EN,1.0,1,,,,,,,,,,,,,,,,,,,,,,,,,,,,,,,,,,,,,,,1,2021-10-01 22:51:59
33,38,2021-10-02 17:56:43,2021-10-02 17:57:29,lqIVmYAJ,266,R_2ZOiHyY4HLZaEa1,homepage,1,1,,,,,,,,,,,,,,,,,,,,,,,,,,,,1.0,,,,,,,,,,,,,,,,,,,,,,,,,,,,,,,,,,,,,,,,,,,,0.0,0.0,0.0,0,7,46,0,2021-10-09 17:56:44,,,,,,,anonymous,EN,0.899999976158142,1,,,,,,,,,,,,,,,,,,,,,,,,,,,,,,,,,,,,,,,1,2021-10-02 17:56:43
34,38,2021-10-08 06:55:01,2021-10-08 06:57:09,DY0ZYNDD,70,R_1Lp7hay0OiN6vjT,"homepage,about,am-i-in-menopause,questions-and-answers",4,4,,,1.0,,1.0,,,,,,,,,,,,,,,,,,,,,,,1.0,,,,,,,,,,,,,,,1.0,,,,,,,,,,,,,,,,,,,,,,,,,,,,,0.0,0.0,0.0,0,7,128,0,2021-10-15 06:55:02,,,,,,,anonymous,EN,1.0,1,,,,,,,,,,,,,,,,,,,,,,,,,,,,,,,,,,,,,,,1,2021-10-08 06:55:01
35,38,2021-10-06 15:03:52,2021-10-06 15:05:06,LvRFK5fH,12,R_11bFEcPULv7QxlX,"homepage,vaginal-lubricants-and-moisturizers,am-i-in-menopause,bladder-control-problems,create-my-menoplan,dry-eyes,dry-hair-skin,physical-aches-pains,symptoms-landing-page,treatments,vagina-pain-dryness-not-during-sex,weight-gain",14,13,,,,,1.0,,,1.0,,,,,,,1.0,,,,,,1.0,1.0,,,,,,2.0,,,,,,,,,,,,,1.0,,,,,,,,,,1.0,,,,,,,1.0,1.0,,,,2.0,,,1.0,,,,,,0.0,0.0,0.0,0,7,74,0,2021-10-13 15:03:52,,,,,,,anonymous,EN,,1,,,,,,,,,,,,,,,,,,,,,,,,,,,,,,,,,,,,,,,1,2021-10-06 15:03:52
36,30,2021-10-03 23:37:43,2021-10-04 00:14:37,tRjXIYbu,16,R_12fiv4fBnP01Xs2,"symptoms-landing-page,hot-flashes,pain-with-sex,brain-fog-cognitive-issues,dry-hair-skin,low-sex-drive,mood-depression-anxiety,pelvic-floor-physical-therapy,homepage,bladder-control-problems,cooling-techniques,dealing-with-brain-fog,dealing-with-dry-hair-skin,gabapentin-and-pregabalin,heavy-irregular-periods,herbal-remedies-and-supplements,hormone-therapy,physical-aches-pains,test/depression-assessment,vaginal-dilators,vaginal-laser-therapy",38,21,,,,,,,,1.0,2.0,,,,,1.0,,,1.0,,1.0,,,2.0,,,1.0,1.0,1.0,1.0,1.0,4.0,2.0,,2.0,,,,,,3.0,2.0,1.0,,,,,,,,,,8.0,,,,1.0,,,,,1.0,,1.0,,,,,,,,,,0.0,0.0,0.0,0,28,2214,0,2021-10-10 23:37:49,,,,,,,anonymous,EN,0.899999976158142,1,9.894,30.016,31.331,4.0,1.0,1.0,1.0,1.0,,,,,,,,,,,,,,,,,,,,,,,,,,,,,,,1,2021-10-03 23:37:43
37,3,2021-10-03 20:14:43,2021-10-03 20:44:25,YuVldQyy,328,R_2xS6r0uI5OijKnD,"questions-and-answers,homepage,create-my-menoplan,our-team,symptoms-landing-page,womens-stories",12,6,,,,,,,,,,,,,,,1.0,,,,,,,,,,,,,3.0,,,,,,,,,1.0,,,,,,5.0,,,,,,,,1.0,,,,,,,,,,,,,,,,,,,1.0,,0.0,0.0,0.0,0,100,1782,1,2021-10-03 20:44:25,,,,,41.94500732421875,-87.79959869384764,anonymous,EN,0.899999976158142,1,15.187,15.187,16.266,1.0,2.0,2.0,2.0,2.0,4.0,"1,2,3,5,6,7,11,18,15,14,19",,"3,2,5,4",,2.0,1.0,1.0,2.0,2.0,2.0,2.0,1.0,2.0,2.0,2.0,2.0,3.0,2.0,3.0,3.0,3.0,3.0,2.0,2.0,9,7.0,5.0,9,,1,2021-10-03 20:14:43
38,38,2021-10-05 06:32:46,2021-10-05 06:33:13,fClXQf75,108,R_1gBeTQ4RqmLuZ9I,"homepage,am-i-in-menopause,staying-healthy-in-midlife",3,3,,,,,1.0,,,,,,,,,,,,,,,,,,,,,,,1.0,,,,,,,,,,,,,,,,,,,,,1.0,,,,,,,,,,,,,,,,,,,,,,,0.0,0.0,0.0,0,7,26,0,2021-10-12 06:32:47,,,,,,,anonymous,EN,1.0,1,,,,,,,,,,,,,,,,,,,,,,,,,,,,,,,,,,,,,,,1,2021-10-05 06:32:46
39,38,2021-10-02 13:57:07,2021-10-02 13:58:01,pdDyjCPg,46,R_1I7bmNmMWB89JHm,"homepage,hormone-therapy,hot-flashes,symptoms-landing-page",4,4,,,,,,,,,,,,,,,,,,,,,,,,,,,,1.0,1.0,1.0,,,,,,,,,,,,,,,,,,,,,1.0,,,,,,,,,,,,,,,,,,,,,0.0,0.0,0.0,0,7,54,0,2021-10-09 13:57:11,,,,,,,anonymous,EN,1.0,1,,,,,,,,,,,,,,,,,,,,,,,,,,,,,,,,,,,,,,,1,2021-10-02 13:57:07
40,38,2021-09-26 13:02:15,2021-09-26 13:02:39,eIaYVPt6,385,R_3KUijqULa1mLfPv,"symptoms-landing-page,homepage,hot-flashes,low-sex-drive,sleep-problems-insomnia",7,5,,,,,,,,,,,,,,,,,,,,,,,,,,,,1.0,,1.0,1.0,,,,,,,,,,,,,,,1.0,,,,,3.0,,,,,,,,,,,,,,,,,,,,,0.0,0.0,0.0,0,7,23,0,2021-10-03 13:02:16,,,,,,,anonymous,EN,1.0,1,,,,,,,,,,,,,,,,,,,,,,,,,,,,,,,,,,,,,,,1,2021-09-26 13:02:15
41,38,2021-09-30 17:41:30,2021-09-30 17:43:33,nWASY3tS,76,R_1MLlFWFDmoda2pO,"homepage,symptoms-landing-page",3,2,,,,,,,,,,,,,,,,,,,,,,,,,,,,2.0,,,,,,,,,,,,,,,,,,,,,,,1.0,,,,,,,,,,,,,,,,,,,,,0.0,0.0,0.0,0,7,123,0,2021-10-07 17:41:31,,,,,,,anonymous,EN,1.0,1,,,,,,,,,,,,,,,,,,,,,,,,,,,,,,,,,,,,,,,1,2021-09-30 17:41:30
42,38,2021-10-01 19:10:46,2021-10-01 19:11:48,7k7iPaMi,119,R_1jDOQVtBPPlIdi4,homepage,1,1,,,,,,,,,,,,,,,,,,,,,,,,,,,,1.0,,,,,,,,,,,,,,,,,,,,,,,,,,,,,,,,,,,,,,,,,,,,0.0,0.0,0.0,0,7,62,0,2021-10-08 19:10:50,,,,,,,anonymous,EN,1.0,1,,,,,,,,,,,,,,,,,,,,,,,,,,,,,,,,,,,,,,,1,2021-10-01 19:10:46
43,38,2021-10-09 10:00:45,2021-10-09 10:02:02,ObejsVFa,60,R_1K6ANNPOyn8vj6h,"homepage,am-i-in-menopause,questions-and-answers",3,3,,,,,1.0,,,,,,,,,,,,,,,,,,,,,,,1.0,,,,,,,,,,,,,,,1.0,,,,,,,,,,,,,,,,,,,,,,,,,,,,,0.0,0.0,0.0,0,7,76,0,2021-10-16 10:00:48,,,,,,,anonymous,EN,0.899999976158142,1,,,,,,,,,,,,,,,,,,,,,,,,,,,,,,,,,,,,,,,1,2021-10-09 10:00:45
44,3,2021-10-17 00:36:12,2021-10-17 00:42:17,JhKll7lC,48,R_1IMYU10TcxJ2Hx6,"create-my-menoplan,homepage,am-i-in-menopause,questions-and-answers,staying-healthy-in-midlife,weight-gain",7,6,,,,,1.0,,,,,,,,,,2.0,,,,,,,,,,,,,1.0,,,,,,,,,,,,,,,1.0,,,,,,1.0,,,,,,,,,,,,,,,,,1.0,,,,,,0.0,0.0,0.0,0,100,364,1,2021-10-17 00:42:17,,,,,34.12109375,-117.43620300292967,anonymous,EN,0.899999976158142,1,2.467,2.467,3.37,1.0,2.0,2.0,3.0,3.0,2.0,"1,2,3,5,7,11,18,20,15,16,14,19",,"7,3,2,8,4",,1.0,1.0,1.0,1.0,1.0,2.0,1.0,1.0,2.0,4.0,2.0,4.0,4.0,3.0,3.0,2.0,3.0,4.0,4.0,4.0,"9,10",6.0,5.0,7,,1,2021-10-17 00:36:12
45,38,2021-09-30 18:33:00,2021-09-30 18:33:21,IYZTkhym,401,R_3O1E90V6FMpiynz,"symptoms-landing-page,homepage,create-my-menoplan,pain-with-sex,physical-aches-pains,vagina-pain-dryness-not-during-sex",8,6,,,,,,,,,,,,,,,1.0,,,,,,,,,,,,,1.0,,,,,,,,,,,1.0,,1.0,,,,,,,,,,3.0,,,,,,,,1.0,,,,,,,,,,,,,0.0,0.0,0.0,0,7,20,0,2021-10-07 18:33:03,,,,,,,anonymous,EN,1.0,1,,,,,,,,,,,,,,,,,,,,,,,,,,,,,,,,,,,,,,,1,2021-09-30 18:33:00
46,38,2021-10-09 12:11:43,2021-10-09 12:12:00,XDCGX4qI,138,R_1mw2BWHnNXAJmdG,homepage,1,1,,,,,,,,,,,,,,,,,,,,,,,,,,,,1.0,,,,,,,,,,,,,,,,,,,,,,,,,,,,,,,,,,,,,,,,,,,,0.0,0.0,0.0,0,7,17,0,2021-10-16 12:11:47,,,,,,,anonymous,EN,1.0,1,,,,,,,,,,,,,,,,,,,,,,,,,,,,,,,,,,,,,,,1,2021-10-09 12:11:43
47,2,2021-10-17 15:26:47,2021-10-17 15:30:47,6kvj9mcL,465,R_3qJyRUDJEKqUeC6,"avoiding-weight-gain,exercise,homepage,am-i-in-menopause,create-my-menoplan,dealing-with-brain-fog,staying-healthy-in-midlife,vaginal-dilators",10,8,,,,,1.0,,2.0,,,,,,,,1.0,,1.0,,,,,,2.0,,,,,1.0,,,,,,,,,,,,,,,,,,,,,1.0,,,,,,,,,,,1.0,,,,,,,,,,,,0.0,0.0,0.0,0,100,239,1,2021-10-17 15:30:47,,,,,35.96449279785156,-85.05460357666014,anonymous,EN,1.0,1,1.43,1.43,2.34,1.0,1.0,1.0,1.0,1.0,2.0,"1,5,6,10,18,19",,"2,5,8",,1.0,1.0,1.0,1.0,1.0,1.0,1.0,1.0,1.0,1.0,2.0,1.0,2.0,1.0,2.0,2.0,2.0,2.0,2.0,2.0,9,6.0,5.0,9,"I like the food info the best. More info on exercise, exactly what to do or links. Thats my mine issue now is mid section weight gain. ",1,2021-10-17 15:26:47
48,34,2021-09-25 23:42:55,2021-09-25 23:43:35,FKgyjOBJ,336,R_2zIODmGBejeBQlu,"homepage,am-i-in-menopause",2,2,,,,,1.0,,,,,,,,,,,,,,,,,,,,,,,1.0,,,,,,,,,,,,,,,,,,,,,,,,,,,,,,,,,,,,,,,,,,,,0.0,0.0,0.0,0,14,40,0,2021-10-02 23:42:57,,,,,,,anonymous,EN,1.0,1,4.463,8.256,10.114,3.0,,,,,,,,,,,,,,,,,,,,,,,,,,,,,,,,,,,1,2021-09-25 23:42:55
49,38,2021-09-25 10:57:13,2021-09-25 10:57:20,KsECbqQO,477,R_3sbpxq1aeXulRL0,"homepage,create-my-menoplan",2,2,,,,,,,,,,,,,,,1.0,,,,,,,,,,,,,1.0,,,,,,,,,,,,,,,,,,,,,,,,,,,,,,,,,,,,,,,,,,,,0.0,0.0,0.0,0,7,7,0,2021-10-02 10:57:14,,,,,,,anonymous,EN,1.0,1,,,,,,,,,,,,,,,,,,,,,,,,,,,,,,,,,,,,,,,1,2021-09-25 10:57:13
50,38,2021-10-08 15:07:00,2021-10-08 15:07:19,dFLIZPpY,171,R_24vK4iXemkyqXJG,"homepage,symptoms-landing-page",2,2,,,,,,,,,,,,,,,,,,,,,,,,,,,,1.0,,,,,,,,,,,,,,,,,,,,,,,1.0,,,,,,,,,,,,,,,,,,,,,0.0,0.0,0.0,0,7,19,0,2021-10-15 15:07:01,,,,,,,anonymous,EN,0.899999976158142,1,,,,,,,,,,,,,,,,,,,,,,,,,,,,,,,,,,,,,,,1,2021-10-08 15:07:00
51,34,2021-09-27 19:09:29,2021-09-27 19:10:05,WEHooKfm,86,R_1OBNJakWk5U8Ihw,homepage,1,1,,,,,,,,,,,,,,,,,,,,,,,,,,,,1.0,,,,,,,,,,,,,,,,,,,,,,,,,,,,,,,,,,,,,,,,,,,,0.0,0.0,0.0,0,14,35,0,2021-10-04 19:09:30,,,,,,,anonymous,EN,1.0,1,1.542,4.67,5.975,6.0,,,,,,,,,,,,,,,,,,,,,,,,,,,,,,,,,,,1,2021-09-27 19:09:29
52,38,2021-09-26 10:38:44,2021-09-26 10:39:27,T6jg5ZcZ,608,R_qOepzigjv8IHtCx,"homepage,am-i-in-menopause,cognitive-behavioral-therapy-for-sleep,create-my-menoplan,dealing-with-brain-fog,sleep-problems-insomnia",6,6,,,,,1.0,,,,,,,,1.0,,1.0,,1.0,,,,,,,,,,,1.0,,,,,,,,,,,,,,,,,,1.0,,,,,,,,,,,,,,,,,,,,,,,,,,0.0,0.0,0.0,0,7,42,0,2021-10-03 10:38:49,,,,,,,anonymous,EN,1.0,1,,,,,,,,,,,,,,,,,,,,,,,,,,,,,,,,,,,,,,,1,2021-09-26 10:38:44
53,38,2021-10-09 15:04:20,2021-10-09 15:06:11,FiWLrscX,589,R_cOVtmfxIBnT1FsZ,"homepage,am-i-in-menopause,questions-and-answers",3,3,,,,,1.0,,,,,,,,,,,,,,,,,,,,,,,1.0,,,,,,,,,,,,,,,1.0,,,,,,,,,,,,,,,,,,,,,,,,,,,,,0.0,0.0,0.0,0,7,110,0,2021-10-16 15:04:22,,,,,,,anonymous,EN,1.0,1,,,,,,,,,,,,,,,,,,,,,,,,,,,,,,,,,,,,,,,1,2021-10-09 15:04:20
54,38,2021-09-25 12:11:20,2021-09-25 12:11:37,0XE4gHVh,597,R_eCCggPqbe5DSqop,"homepage,create-my-menoplan,symptoms-landing-page",3,3,,,,,,,,,,,,,,,1.0,,,,,,,,,,,,,1.0,,,,,,,,,,,,,,,,,,,,,,,1.0,,,,,,,,,,,,,,,,,,,,,0.0,0.0,0.0,0,7,17,0,2021-10-02 12:11:20,,,,,,,anonymous,EN,0.899999976158142,1,,,,,,,,,,,,,,,,,,,,,,,,,,,,,,,,,,,,,,,1,2021-09-25 12:11:20
55,38,2021-10-09 08:04:46,2021-10-09 08:05:57,aesI94hs,299,R_2qElwoR26UHF9wR,"homepage,about,am-i-in-menopause,symptoms-landing-page,who-we-are",5,5,,,1.0,,1.0,,,,,,,,,,,,,,,,,,,,,,,1.0,,,,,,,,,,,,,,,,,,,,,,,1.0,,,,,,,,,,,,,,,,,,1.0,,,0.0,0.0,0.0,0,7,70,0,2021-10-16 08:04:47,,,,,,,anonymous,EN,1.0,1,,,,,,,,,,,,,,,,,,,,,,,,,,,,,,,,,,,,,,,1,2021-10-09 08:04:46
56,3,2021-09-30 15:48:25,2021-09-30 15:52:10,3L4CCCCB,118,R_1im8RwMkz2uS6a7,"homepage,am-i-in-menopause,create-my-menoplan,strategies-to-talk-with-your-doctor,what-if-i-have-breast-cancer",5,5,,,,,1.0,,,,,,,,,,1.0,,,,,,,,,,,,,1.0,,,,,,,,,,,,,,,,,,,,,,1.0,,,,,,,,,,,,,,,,,1.0,,,,,0.0,0.0,0.0,0,100,225,1,2021-09-30 15:52:10,,,,,42.558197021484375,-114.46589660644533,anonymous,EN,1.0,1,1.457,2.758,3.897,2.0,1.0,1.0,1.0,1.0,3.0,"1,2,3,18,15,16,14,19",,"1,2,4",,2.0,1.0,1.0,2.0,1.0,3.0,2.0,2.0,1.0,4.0,1.0,4.0,2.0,2.0,3.0,2.0,2.0,2.0,2.0,2.0,9,6.0,5.0,9,,1,2021-09-30 15:48:25
57,38,2021-09-26 11:35:04,2021-09-26 11:36:05,6tV9oAkE,560,R_VKYJPo2SfU4MkDL,"treatments,homepage,about,am-i-in-menopause,dealing-with-bladder-control",8,7,,,1.0,,1.0,,,,,,,,,,,1.0,,,,,,,,,,,,2.0,,,,,,,,,,,,,,,,,,,,,,,,,,,,,,3.0,,,,,,,,,,,,,,0.0,0.0,0.0,0,7,61,0,2021-10-03 11:35:04,,,,,,,anonymous,EN,1.0,1,,,,,,,,,,,,,,,,,,,,,,,,,,,,,,,,,,,,,,,1,2021-09-26 11:35:04
58,38,2021-10-01 16:13:25,2021-10-01 16:14:11,3viQzsZJ,312,R_2scpq1rRPMidF6i,"homepage,create-my-menoplan",2,2,,,,,,,,,,,,,,,1.0,,,,,,,,,,,,,1.0,,,,,,,,,,,,,,,,,,,,,,,,,,,,,,,,,,,,,,,,,,,,0.0,0.0,0.0,0,7,46,0,2021-10-08 16:13:30,,,,,,,anonymous,EN,0.899999976158142,1,,,,,,,,,,,,,,,,,,,,,,,,,,,,,,,,,,,,,,,1,2021-10-01 16:13:25
59,38,2021-09-26 12:19:09,2021-09-26 12:20:24,zPQTMXdN,339,R_2zO6vX5d2AJzSaX,homepage,1,1,,,,,,,,,,,,,,,,,,,,,,,,,,,,1.0,,,,,,,,,,,,,,,,,,,,,,,,,,,,,,,,,,,,,,,,,,,,0.0,0.0,0.0,0,7,74,0,2021-10-03 12:19:11,,,,,,,anonymous,EN,1.0,1,,,,,,,,,,,,,,,,,,,,,,,,,,,,,,,,,,,,,,,1,2021-09-26 12:19:09
60,38,2021-10-07 11:46:36,2021-10-07 11:46:55,1Pe34fQK,630,R_xFWAX7mCHbCq4H7,"homepage,am-i-in-menopause",2,2,,,,,1.0,,,,,,,,,,,,,,,,,,,,,,,1.0,,,,,,,,,,,,,,,,,,,,,,,,,,,,,,,,,,,,,,,,,,,,0.0,0.0,0.0,0,7,19,0,2021-10-14 11:46:36,,,,,,,anonymous,EN,1.0,1,,,,,,,,,,,,,,,,,,,,,,,,,,,,,,,,,,,,,,,1,2021-10-07 11:46:36
61,38,2021-09-26 08:18:21,2021-09-26 08:19:48,nl14CYum,636,R_z3kuzSbPIyHOB69,"homepage,about,staying-healthy-in-midlife",3,3,,,1.0,,,,,,,,,,,,,,,,,,,,,,,,,1.0,,,,,,,,,,,,,,,,,,,,,1.0,,,,,,,,,,,,,,,,,,,,,,,0.0,0.0,0.0,0,7,86,0,2021-10-03 08:18:23,,,,,,,anonymous,EN,1.0,1,,,,,,,,,,,,,,,,,,,,,,,,,,,,,,,,,,,,,,,1,2021-09-26 08:18:21
62,38,2021-10-02 08:22:44,2021-10-02 08:23:52,MbHn2Qt7,330,R_2xwKXcbkY15y91k,"homepage,am-i-in-menopause,symptoms-landing-page",4,3,,,,,1.0,,,,,,,,,,,,,,,,,,,,,,,2.0,,,,,,,,,,,,,,,,,,,,,,,1.0,,,,,,,,,,,,,,,,,,,,,0.0,0.0,0.0,0,7,67,0,2021-10-09 08:22:45,,,,,,,anonymous,EN,0.899999976158142,1,,,,,,,,,,,,,,,,,,,,,,,,,,,,,,,,,,,,,,,1,2021-10-02 08:22:44
63,38,2021-10-08 15:53:14,2021-10-08 15:53:36,UfsTPbiw,342,R_2zl2pxXyKTOuCiJ,"homepage,create-my-menoplan,dealing-with-bladder-control",5,3,,,,,,,,,,,,,,,2.0,1.0,,,,,,,,,,,,2.0,,,,,,,,,,,,,,,,,,,,,,,,,,,,,,,,,,,,,,,,,,,,0.0,0.0,0.0,0,7,22,0,2021-10-15 15:53:14,,,,,,,anonymous,EN,1.0,1,,,,,,,,,,,,,,,,,,,,,,,,,,,,,,,,,,,,,,,1,2021-10-08 15:53:14
64,38,2021-10-09 19:29:37,2021-10-09 19:30:34,gkil0De4,293,R_2ntfWx1Wpo2W3V7,homepage,1,1,,,,,,,,,,,,,,,,,,,,,,,,,,,,1.0,,,,,,,,,,,,,,,,,,,,,,,,,,,,,,,,,,,,,,,,,,,,0.0,0.0,0.0,0,7,57,0,2021-10-16 19:29:38,,,,,,,anonymous,EN,1.0,1,,,,,,,,,,,,,,,,,,,,,,,,,,,,,,,,,,,,,,,1,2021-10-09 19:29:37
65,2,2021-09-30 20:07:13,2021-09-30 20:11:05,7Ulbbfs0,343,R_2zumMubdtKyASkV,"homepage,symptoms-landing-page,sleep-problems-insomnia,am-i-in-menopause,create-my-menoplan,test/insomnia-severity-index,bladder-control-problems,hot-flashes,mood-depression-anxiety,publications,questions-and-answers,test/insomnia-severity-index/5x2328dedc532597d7ca47c3a5b2135e72,womens-stories",30,14,,,,,2.0,,,1.0,,,,,,,2.0,,,,,,,,,,,,,8.0,,1.0,,,1.0,,,,,,,,,1.0,1.0,,,3.0,,,,,6.0,,,,,2.0,,,,,,,,,,,,,,1.0,,1.0,0.0,0.0,0,100,232,1,2021-09-30 20:11:06,,,,,27.872100830078125,-82.44319915771484,anonymous,EN,0.899999976158142,1,2.908,2.908,4.133,1.0,2.0,2.0,3.0,3.0,2.0,"2,3,5,6,7,12,17,18,20,16,19",,"2,4",,2.0,1.0,1.0,2.0,1.0,2.0,2.0,2.0,4.0,2.0,2.0,2.0,2.0,2.0,3.0,3.0,3.0,3.0,3.0,3.0,11,8.0,5.0,9,More plans or treatments ,1,2021-09-30 20:07:13
66,38,2021-10-04 00:21:29,2021-10-04 00:22:28,hdLPeirC,362,R_3Eb9g4wHTvhagL6,"hot-flashes,homepage,clonidine,gabapentin-and-pregabalin,symptoms-landing-page",7,5,,,,,,,,,,,1.0,,,,,,,,,,,,,,1.0,,,1.0,,3.0,,,,,,,,,,,,,,,,,,,,,1.0,,,,,,,,,,,,,,,,,,,,,0.0,0.0,0.0,0,7,59,0,2021-10-11 00:21:30,,,,,,,anonymous,EN,1.0,1,,,,,,,,,,,,,,,,,,,,,,,,,,,,,,,,,,,,,,,1,2021-10-04 00:21:29
67,38,2021-09-30 22:52:58,2021-09-30 22:57:36,MQDaW4Me,82,R_1NnxbngMOJmdlsm,"symptoms-landing-page,homepage,am-i-in-menopause,hot-flashes,weight-gain",6,5,,,,,1.0,,,,,,,,,,,,,,,,,,,,,,,1.0,,1.0,,,,,,,,,,,,,,,,,,,,,2.0,,,,,,,,,,,,,,,1.0,,,,,,0.0,0.0,0.0,0,7,277,0,2021-10-07 22:53:05,,,,,,,anonymous,EN,1.0,1,,,,,,,,,,,,,,,,,,,,,,,,,,,,,,,,,,,,,,,1,2021-09-30 22:52:58
68,38,2021-10-06 21:29:01,2021-10-06 21:29:46,mjWRdoyM,22,R_1CauPGy5fS7dzhG,"am-i-in-menopause,questions-and-answers,homepage,create-my-menoplan,symptoms-landing-page",7,5,,,,,2.0,,,,,,,,,,1.0,,,,,,,,,,,,,1.0,,,,,,,,,,,,,,,2.0,,,,,,,,1.0,,,,,,,,,,,,,,,,,,,,,0.0,0.0,0.0,0,7,44,0,2021-10-13 21:29:02,,,,,,,anonymous,EN,1.0,1,,,,,,,,,,,,,,,,,,,,,,,,,,,,,,,,,,,,,,,1,2021-10-06 21:29:01
69,38,2021-10-07 11:35:39,2021-10-07 11:36:31,PFPjUxaX,371,R_3GdCEL7Z421EqFv,"homepage,am-i-in-menopause,create-my-menoplan,strategies-to-talk-with-your-doctor",4,4,,,,,1.0,,,,,,,,,,1.0,,,,,,,,,,,,,1.0,,,,,,,,,,,,,,,,,,,,,,1.0,,,,,,,,,,,,,,,,,,,,,,0.0,0.0,0.0,0,7,51,0,2021-10-14 11:35:40,,,,,,,anonymous,EN,0.899999976158142,1,,,,,,,,,,,,,,,,,,,,,,,,,,,,,,,,,,,,,,,1,2021-10-07 11:35:39
70,38,2021-10-10 07:39:26,2021-10-10 07:40:05,PeSO2kiE,13,R_11cHAQxTBiaVL6T,"homepage,brain-fog-cognitive-issues,create-my-menoplan,low-sex-drive,symptoms-landing-page,treatment-template-shorter-table-of-contents-2",6,6,,,,,,,,,1.0,,,,,,1.0,,,,,,,,,,,,,1.0,,,1.0,,,,,,,,,,,,,,,,,,,,1.0,,,,,,1.0,,,,,,,,,,,,,,,0.0,0.0,0.0,0,7,38,0,2021-10-17 07:39:27,,,,,,,anonymous,EN,1.0,1,,,,,,,,,,,,,,,,,,,,,,,,,,,,,,,,,,,,,,,1,2021-10-10 07:39:26
71,2,2021-10-06 17:35:51,2021-10-06 17:48:43,PE0nNkwY,500,R_8GiO2LYspfwuabL,"homepage,am-i-in-menopause,weight-gain,create-my-menoplan,hormone-therapy,our-team,staying-healthy-in-midlife",13,8,,,,,2.0,,,,,,,,,,1.0,,,,,,,,,,,,,5.0,1.0,,,,,,,,1.0,,,,,,,,,,,,1.0,,,,,,,,,,,,,,,,,2.0,,,,,,0.0,0.0,0.0,0,100,771,1,2021-10-06 17:48:44,,,,,33.748504638671875,-84.38710021972656,anonymous,EN,1.0,1,2.836,310.325,311.564,6.0,1.0,2.0,1.0,1.0,2.0,"1,2,3,11,8,10,15,19",,"7,3,2,8,4",,2.0,1.0,1.0,2.0,1.0,2.0,1.0,1.0,1.0,2.0,2.0,4.0,1.0,1.0,1.0,1.0,3.0,3.0,2.0,2.0,"9,10",7.0,5.0,9,"The making a menoplan tool was a little hard to read, at least on my phone. ",1,2021-10-06 17:35:51
72,34,2021-09-30 19:42:14,2021-10-01 04:36:18,MhsGuMbZ,84,R_1NssUUkBeGrv6nW,"homepage,heavy-irregular-periods,treatments",3,3,,,,,,,,,,,,,,,,,,,,,,,,,,1.0,,1.0,,,,,,,,,,,,,,,,,,,,,,,,,,,,,,1.0,,,,,,,,,,,,,,0.0,0.0,0.0,0,14,32044,0,2021-10-07 19:42:16,,,,,,,anonymous,EN,1.0,1,5.552,5.552,21.882,1.0,,,,,,,,,,,,,,,,,,,,,,,,,,,,,,,,,,,1,2021-09-30 19:42:14
73,38,2021-10-08 18:45:20,2021-10-08 18:46:21,de3JpIE4,587,R_bdx0PniSwOey2EF,"homepage,about,am-i-in-menopause,dry-eyes",4,4,,,1.0,,1.0,,,,,,,,,,,,,,,,1.0,,,,,,,1.0,,,,,,,,,,,,,,,,,,,,,,,,,,,,,,,,,,,,,,,,,,,,0.0,0.0,0.0,0,7,60,0,2021-10-15 18:45:21,,,,,,,anonymous,EN,1.0,1,,,,,,,,,,,,,,,,,,,,,,,,,,,,,,,,,,,,,,,1,2021-10-08 18:45:20
74,34,2021-10-07 15:25:43,2021-10-07 15:26:13,zxI0grMc,498,R_82mvU4bBIQW1Yg9,"homepage,dry-eyes,heavy-irregular-periods,hot-flashes,symptoms-landing-page,weight-gain",6,6,,,,,,,,,,,,,,,,,,,,,1.0,,,,,1.0,,1.0,,1.0,,,,,,,,,,,,,,,,,,,,,1.0,,,,,,,,,,,,,,,1.0,,,,,,0.0,0.0,0.0,0,14,29,0,2021-10-14 15:25:46,,,,,,,anonymous,EN,1.0,1,0.0,0.0,9.727,0.0,,,,,,,,,,,,,,,,,,,,,,,,,,,,,,,,,,,1,2021-10-07 15:25:43
75,3,2021-10-20 14:41:47,2021-10-20 14:44:35,hDgOElst,58,R_1JRvvmcT2NWBBfx,"homepage,create-my-menoplan",2,2,,,,,,,,,,,,,,,1.0,,,,,,,,,,,,,1.0,,,,,,,,,,,,,,,,,,,,,,,,,,,,,,,,,,,,,,,,,,,,0.0,0.0,0.0,0,100,168,1,2021-10-20 14:44:36,,,,,31.54649353027344,-82.46330261230467,anonymous,EN,1.0,1,1.54,1.54,8.96,1.0,2.0,2.0,2.0,2.0,4.0,"1,3,7,11,8,17,16,19",,"3,2,5,4",,1.0,1.0,1.0,1.0,1.0,1.0,1.0,1.0,1.0,1.0,1.0,1.0,2.0,3.0,2.0,2.0,2.0,2.0,3.0,3.0,9,8.0,5.0,9,,1,2021-10-20 14:41:47
76,38,2021-10-02 18:07:47,2021-10-02 18:08:55,lCedno9A,274,R_2bNQleEUILDwbXZ,"questions-and-answers,homepage,am-i-in-menopause,bladder-control-problems,create-my-menoplan,dealing-with-dry-hair-skin,dry-hair-skin,low-sex-drive,physical-aches-pains,womens-stories",11,10,,,,,1.0,,,1.0,,,,,,,1.0,,,,1.0,,,1.0,,,,,,1.0,,,1.0,,,,,,,,,,1.0,,2.0,,,,,,,,,,,,,,,,,,,,,,,,,,,1.0,,0.0,0.0,0.0,0,7,67,0,2021-10-09 18:07:47,,,,,,,anonymous,EN,1.0,1,,,,,,,,,,,,,,,,,,,,,,,,,,,,,,,,,,,,,,,1,2021-10-02 18:07:47
77,15,2021-09-25 14:00:33,2021-09-25 15:49:31,457i1Wov,50,R_1IZ3Cp2uzuaz5BS,"homepage,sleep-problems-insomnia,womens-stories,brain-fog-cognitive-issues,create-my-menoplan,dealing-with-bladder-control,gabapentin-and-pregabalin",10,7,,,,,,,,,1.0,,,,,,1.0,1.0,,,,,,,,,1.0,,,2.0,,,,,,,,,,,,,,,,,,2.0,,,,,,,,,,,,,,,,,,,,,,,,2.0,,0.0,0.0,0.0,0,52,6538,0,2021-10-02 14:00:37,,,,,,,anonymous,EN,1.0,1,3.838,4.775,5.742,2.0,2.0,4.0,3.0,4.0,2.0,"3,5,10,17,18,19",,"7,3,2,5,4",,2.0,1.0,1.0,3.0,1.0,2.0,2.0,2.0,2.0,4.0,4.0,4.0,,,,,,,,,,,,,,1,2021-09-25 14:00:33
78,21,2021-09-30 15:25:46,2021-09-30 15:32:54,CMeGFi0B,472,R_3rSPFmZMLntXZa3,homepage,1,1,,,,,,,,,,,,,,,,,,,,,,,,,,,,1.0,,,,,,,,,,,,,,,,,,,,,,,,,,,,,,,,,,,,,,,,,,,,0.0,0.0,0.0,0,48,428,0,2021-10-07 15:25:46,,,,,,,anonymous,EN,1.0,1,53.81,78.73,80.083,9.0,3.0,3.0,3.0,3.0,4.0,"1,2,11,10,14,19",,"1,2,4",,1.0,1.0,1.0,2.0,2.0,2.0,,,,,,,,,,,,,,,,,,,,1,2021-09-30 15:25:46
79,38,2021-09-24 23:01:39,2021-09-24 23:02:12,C2EZezk5,523,R_DqtmFB0J2tTXQ2J,"am-i-in-menopause,symptoms-landing-page,homepage,dry-eyes",6,4,,,,,2.0,,,,,,,,,,,,,,,,1.0,,,,,,,1.0,,,,,,,,,,,,,,,,,,,,,,,2.0,,,,,,,,,,,,,,,,,,,,,0.0,0.0,0.0,0,7,33,0,2021-10-01 23:01:42,,,,,,,anonymous,EN,1.0,1,,,,,,,,,,,,,,,,,,,,,,,,,,,,,,,,,,,,,,,1,2021-09-24 23:01:39
80,38,2021-10-08 17:33:50,2021-10-08 17:35:05,0gG4aeYL,595,R_e3TbxExdGpMgW4N,"homepage,create-my-menoplan",2,2,,,,,,,,,,,,,,,1.0,,,,,,,,,,,,,1.0,,,,,,,,,,,,,,,,,,,,,,,,,,,,,,,,,,,,,,,,,,,,0.0,0.0,0.0,0,7,74,0,2021-10-15 17:33:52,,,,,,,anonymous,EN,1.0,1,,,,,,,,,,,,,,,,,,,,,,,,,,,,,,,,,,,,,,,1,2021-10-08 17:33:50
81,2,2021-10-16 08:57:47,2021-10-16 09:08:00,MAV88r81,406,R_3PGixAJflIbGmWD,homepage,1,1,,,,,,,,,,,,,,,,,,,,,,,,,,,,1.0,,,,,,,,,,,,,,,,,,,,,,,,,,,,,,,,,,,,,,,,,,,,0.0,0.0,0.0,0,100,613,1,2021-10-16 09:08:00,,,,,41.13890075683594,-81.86289978027342,anonymous,EN,0.899999976158142,1,0.0,0.0,7.575,0.0,2.0,2.0,2.0,2.0,2.0,"3,11,18,14,19",,"1,7,3,2,8,4",,1.0,1.0,1.0,2.0,1.0,1.0,2.0,2.0,2.0,2.0,4.0,2.0,2.0,2.0,3.0,2.0,2.0,4.0,2.0,3.0,"9,10",7.0,5.0,9,"I think the 12-month time frame asking about periods is too big; I also feel like the IUD question is a little misleading because I have a copper IUD that never affected my periods, but I have had hormone testing and also am going into my 4ths month without a period. I've had the IUD for 8 or 9 years and have been regular the whole time. Also, if you are stating that chemotherapy for breast cancer can cause sudden menopause, you should also mention that menopause can end as well and periods can start back up (anecdotal, it happened to me, and also it is on my medical organization website). I think I am finally getting into menopause, but the tool isn't helpful for situations like mine. 
I also didn't see the sleep help tool or the other tools on the website. I would really be interested in that. ",1,2021-10-16 08:57:47
82,34,2021-10-07 12:13:08,2021-10-07 12:14:06,OxjwJphn,496,R_7Uwc1qWHATCGZs5,"symptoms-landing-page,mood-depression-anxiety,test/anxiety-assessment,homepage,acupuncture,clonidine,create-my-menoplan,test/anxiety-assessment/666f05d7197d848ccb81da5a38a1d93014,weight-gain",13,10,,,,1.0,,,,,,,1.0,,,,1.0,,,,,,,,,,,,,1.0,,,,,2.0,,,,,,,,,,,,,,,,,,3.0,,,2.0,,,,,,,,,,,,1.0,,,,,,0.0,1.0,0.0,0,14,58,0,2021-10-14 12:13:08,,,,,,,anonymous,EN,0.899999976158142,1,0.0,0.0,11.631,0.0,,,,,,,,,,,,,,,,,,,,,,,,,,,,,,,,,,,1,2021-10-07 12:13:08
83,38,2021-09-25 07:49:30,2021-09-25 07:50:30,eYosKhck,574,R_ZFefz6Njzi1E5iN,"homepage,am-i-in-menopause",2,2,,,,,1.0,,,,,,,,,,,,,,,,,,,,,,,1.0,,,,,,,,,,,,,,,,,,,,,,,,,,,,,,,,,,,,,,,,,,,,0.0,0.0,0.0,0,7,59,0,2021-10-02 07:49:31,,,,,,,anonymous,EN,1.0,1,,,,,,,,,,,,,,,,,,,,,,,,,,,,,,,,,,,,,,,1,2021-09-25 07:49:30
84,38,2021-09-25 11:55:31,2021-09-25 11:56:21,mye9JCJM,209,R_2Crm13tRre70onM,"homepage,create-my-menoplan",2,2,,,,,,,,,,,,,,,1.0,,,,,,,,,,,,,1.0,,,,,,,,,,,,,,,,,,,,,,,,,,,,,,,,,,,,,,,,,,,,0.0,0.0,0.0,0,7,49,0,2021-10-02 11:55:32,,,,,,,anonymous,EN,1.0,1,,,,,,,,,,,,,,,,,,,,,,,,,,,,,,,,,,,,,,,1,2021-09-25 11:55:31
85,38,2021-10-02 20:44:34,2021-10-02 20:45:05,F5TRSq75,474,R_3s4uWmSRtrSdjrK,"treatments,am-i-in-menopause,homepage,clonidine,gabapentin-and-pregabalin,ospemifene,ssris-and-snris,vaginal-estrogen",13,8,,,,,2.0,,,,,,1.0,,,,,,,,,,,,,,1.0,,,1.0,,,,,,,1.0,,,,,,,,,,,,,1.0,,,,,,,,,,5.0,,,1.0,,,,,,,,,,,0.0,0.0,0.0,0,7,31,0,2021-10-09 20:44:35,,,,,,,anonymous,EN,1.0,1,,,,,,,,,,,,,,,,,,,,,,,,,,,,,,,,,,,,,,,1,2021-10-02 20:44:34
86,38,2021-10-07 18:59:23,2021-10-07 19:00:28,Ts3X0VEW,344,R_30q0bZXGMOylFeZ,"homepage,create-my-menoplan,exercise",3,3,,,,,,,,,,,,,,,1.0,,,,,,,,1.0,,,,,1.0,,,,,,,,,,,,,,,,,,,,,,,,,,,,,,,,,,,,,,,,,,,,0.0,0.0,0.0,0,7,65,0,2021-10-14 18:59:23,,,,,,,anonymous,EN,1.0,1,,,,,,,,,,,,,,,,,,,,,,,,,,,,,,,,,,,,,,,1,2021-10-07 18:59:23
87,38,2021-09-25 10:55:22,2021-09-25 10:55:48,nSZz5nDn,631,R_xl3cCEUsZ7KWUxz,"homepage,am-i-in-menopause,create-my-menoplan,hormone-therapy,symptoms-landing-page,treatment-template-shorter-table-of-contents-2,treatments",7,7,,,,,1.0,,,,,,,,,,1.0,,,,,,,,,,,,,1.0,1.0,,,,,,,,,,,,,,,,,,,,,,1.0,,,,,,1.0,1.0,,,,,,,,,,,,,,0.0,0.0,0.0,0,7,25,0,2021-10-02 10:55:23,,,,,,,anonymous,EN,1.0,1,,,,,,,,,,,,,,,,,,,,,,,,,,,,,,,,,,,,,,,1,2021-09-25 10:55:22
88,38,2021-09-30 15:38:33,2021-09-30 15:39:17,26UjvvwR,237,R_2SvHozqVPOruxHq,"homepage,symptoms-landing-page,treatments",3,3,,,,,,,,,,,,,,,,,,,,,,,,,,,,1.0,,,,,,,,,,,,,,,,,,,,,,,1.0,,,,,,,1.0,,,,,,,,,,,,,,0.0,0.0,0.0,0,7,43,0,2021-10-07 15:38:33,,,,,,,anonymous,EN,1.0,1,,,,,,,,,,,,,,,,,,,,,,,,,,,,,,,,,,,,,,,1,2021-09-30 15:38:33
89,34,2021-09-30 11:26:06,2021-09-30 11:34:08,zWoGdxBB,133,R_1mCuWWWMqpNTnN7,"homepage,am-i-in-menopause,heavy-irregular-periods,questions-and-answers",4,4,,,,,1.0,,,,,,,,,,,,,,,,,,,,,1.0,,1.0,,,,,,,,,,,,,,,1.0,,,,,,,,,,,,,,,,,,,,,,,,,,,,,0.0,0.0,0.0,0,14,482,0,2021-10-07 11:26:09,,,,,,,anonymous,EN,1.0,1,14.227,14.227,358.457,1.0,,,,,,,,,,,,,,,,,,,,,,,,,,,,,,,,,,,1,2021-09-30 11:26:06
90,38,2021-10-09 18:16:43,2021-10-09 18:16:59,KJz6I544,21,R_12rQL7Vf6NADAHM,"homepage,am-i-in-menopause,create-my-menoplan",5,4,,,,,1.0,,,,,,,,,,1.0,,,,,,,,,,,,,3.0,,,,,,,,,,,,,,,,,,,,,,,,,,,,,,,,,,,,,,,,,,,,0.0,0.0,0.0,0,7,15,0,2021-10-16 18:16:47,,,,,,,anonymous,EN,1.0,1,,,,,,,,,,,,,,,,,,,,,,,,,,,,,,,,,,,,,,,1,2021-10-09 18:16:43
91,38,2021-09-25 08:26:40,2021-09-25 08:27:52,MnwtRtsQ,43,R_1H8mW3LPCHNz30b,"about,am-i-in-menopause,heavy-irregular-periods,questions-and-answers,symptoms-landing-page,homepage,create-my-menoplan",12,7,,,2.0,,2.0,,,,,,,,,,1.0,,,,,,,,,,,2.0,,1.0,,,,,,,,,,,,,,,2.0,,,,,,,,2.0,,,,,,,,,,,,,,,,,,,,,0.0,0.0,0.0,0,7,72,0,2021-10-02 08:26:40,,,,,,,anonymous,EN,1.0,1,,,,,,,,,,,,,,,,,,,,,,,,,,,,,,,,,,,,,,,1,2021-09-25 08:26:40
92,34,2021-10-07 20:16:22,2021-10-07 20:17:20,CBzM9hvi,264,R_2ZEcsG8c4GCIHts,homepage,1,1,,,,,,,,,,,,,,,,,,,,,,,,,,,,1.0,,,,,,,,,,,,,,,,,,,,,,,,,,,,,,,,,,,,,,,,,,,,0.0,0.0,0.0,0,14,57,0,2021-10-14 20:16:23,,,,,,,anonymous,EN,1.0,1,4.612,6.244,10.545,2.0,,,,,,,,,,,,,,,,,,,,,,,,,,,,,,,,,,,1,2021-10-07 20:16:22
93,38,2021-10-07 21:05:24,2021-10-07 21:07:44,xuLPILus,601,R_etvbQBGkyk6r0wF,"homepage,sleep-problems-insomnia,ssris-and-snris,symptoms-landing-page",4,4,,,,,,,,,,,,,,,,,,,,,,,,,,,,1.0,,,,,,,,,,,,,,,,,,1.0,,1.0,,,1.0,,,,,,,,,,,,,,,,,,,,,0.0,0.0,0.0,0,7,140,0,2021-10-14 21:05:25,,,,,,,anonymous,EN,1.0,1,,,,,,,,,,,,,,,,,,,,,,,,,,,,,,,,,,,,,,,1,2021-10-07 21:05:24
94,38,2021-10-09 11:44:50,2021-10-09 11:45:12,MLozWHry,415,R_3RmGF88b7FrqJaQ,"homepage,am-i-in-menopause",2,2,,,,,1.0,,,,,,,,,,,,,,,,,,,,,,,1.0,,,,,,,,,,,,,,,,,,,,,,,,,,,,,,,,,,,,,,,,,,,,0.0,0.0,0.0,0,7,22,0,2021-10-16 11:44:50,,,,,,,anonymous,EN,1.0,1,,,,,,,,,,,,,,,,,,,,,,,,,,,,,,,,,,,,,,,1,2021-10-09 11:44:50
95,38,2021-09-29 21:39:19,2021-09-29 21:41:21,w6JWLlpB,333,R_2z6cOrWgBioj1E2,"homepage,am-i-in-menopause,hot-flashes,symptoms-landing-page,treatments",5,5,,,,,1.0,,,,,,,,,,,,,,,,,,,,,,,1.0,,1.0,,,,,,,,,,,,,,,,,,,,,1.0,,,,,,,1.0,,,,,,,,,,,,,,0.0,0.0,0.0,0,7,122,0,2021-10-06 21:39:20,,,,,,,anonymous,EN,1.0,1,,,,,,,,,,,,,,,,,,,,,,,,,,,,,,,,,,,,,,,1,2021-09-29 21:39:19
96,38,2021-10-09 16:06:51,2021-10-09 16:07:53,pNBf6SBo,19,R_12lRmjMjiE3MW6v,"homepage,bladder-control-problems,symptoms-landing-page",3,3,,,,,,,,1.0,,,,,,,,,,,,,,,,,,,,1.0,,,,,,,,,,,,,,,,,,,,,,,1.0,,,,,,,,,,,,,,,,,,,,,0.0,0.0,0.0,0,7,61,0,2021-10-16 16:06:53,,,,,,,anonymous,EN,0.899999976158142,1,,,,,,,,,,,,,,,,,,,,,,,,,,,,,,,,,,,,,,,1,2021-10-09 16:06:51
97,38,2021-09-27 21:23:05,2021-09-27 21:23:29,JqYCXHp2,577,R_Zz9NTKiQMTNcZzP,"homepage,am-i-in-menopause,what-if-im-transgender-or-nonbinary",3,3,,,,,1.0,,,,,,,,,,,,,,,,,,,,,,,1.0,,,,,,,,,,,,,,,,,,,,,,,,,,,,,,,,,,,,,,,,1.0,,,,0.0,0.0,0.0,0,7,24,0,2021-10-04 21:23:10,,,,,,,anonymous,EN,1.0,1,,,,,,,,,,,,,,,,,,,,,,,,,,,,,,,,,,,,,,,1,2021-09-27 21:23:05
98,2,2021-10-20 20:51:33,2021-10-20 20:57:39,FKvRACB1,302,R_2rCJCwQutpABEls,"am-i-in-menopause,homepage,questions-and-answers,create-my-menoplan,symptoms-landing-page,about,dealing-with-bladder-control",19,7,,,1.0,,6.0,,,,,,,,,,2.0,1.0,,,,,,,,,,,,4.0,,,,,,,,,,,,,,,3.0,,,,,,,,2.0,,,,,,,,,,,,,,,,,,,,,0.0,0.0,0.0,0,100,365,1,2021-10-20 20:57:39,,,,,42.473098754882805,-85.70860290527342,anonymous,EN,1.0,1,9.564,17.346,19.26,7.0,1.0,2.0,2.0,2.0,4.0,"2,3,5,6,7,17,18,20,15,14",,"1,7,3,2,8,4",,1.0,1.0,1.0,1.0,1.0,1.0,1.0,1.0,1.0,1.0,1.0,1.0,2.0,2.0,2.0,2.0,2.0,2.0,2.0,2.0,"9,10,4,5,6,7,8",7.0,5.0,9,No,1,2021-10-20 20:51:33
99,38,2021-10-07 18:07:49,2021-10-07 18:12:48,rm2MMeJF,280,R_2cnjcBOapPma4Ew,"homepage,about,staying-healthy-in-midlife",5,4,,,1.0,,,,,,,,,,,,,,,,,,,,,,,,,3.0,,,,,,,,,,,,,,,,,,,,,1.0,,,,,,,,,,,,,,,,,,,,,,,0.0,0.0,0.0,0,7,298,0,2021-10-14 18:07:49,,,,,,,anonymous,EN,1.0,1,,,,,,,,,,,,,,,,,,,,,,,,,,,,,,,,,,,,,,,1,2021-10-07 18:07:49
100,38,2021-09-30 13:01:18,2021-09-30 13:05:30,EllqZ8D6,168,R_24dgpRQMGdUStyB,"homepage,symptoms-landing-page,sleep-problems-insomnia",5,3,,,,,,,,,,,,,,,,,,,,,,,,,,,,2.0,,,,,,,,,,,,,,,,,,1.0,,,,,2.0,,,,,,,,,,,,,,,,,,,,,0.0,0.0,0.0,0,7,251,0,2021-10-07 13:01:20,,,,,,,anonymous,EN,1.0,1,,,,,,,,,,,,,,,,,,,,,,,,,,,,,,,,,,,,,,,1,2021-09-30 13:01:18
101,38,2021-10-08 12:47:13,2021-10-08 12:48:16,wr9TSLHh,542,R_RVaZi7YUBhF2Q8h,"homepage,create-my-menoplan",2,2,,,,,,,,,,,,,,,1.0,,,,,,,,,,,,,1.0,,,,,,,,,,,,,,,,,,,,,,,,,,,,,,,,,,,,,,,,,,,,0.0,0.0,0.0,0,7,62,0,2021-10-15 12:47:14,,,,,,,anonymous,EN,1.0,1,,,,,,,,,,,,,,,,,,,,,,,,,,,,,,,,,,,,,,,1,2021-10-08 12:47:13
102,38,2021-10-09 20:40:35,2021-10-09 20:49:20,iHjHBQ0C,210,R_2CvIwNtTjnzA2kc,"homepage,about",2,2,,,1.0,,,,,,,,,,,,,,,,,,,,,,,,,1.0,,,,,,,,,,,,,,,,,,,,,,,,,,,,,,,,,,,,,,,,,,,,0.0,0.0,0.0,0,7,524,0,2021-10-16 20:40:36,,,,,,,anonymous,EN,0.899999976158142,1,,,,,,,,,,,,,,,,,,,,,,,,,,,,,,,,,,,,,,,1,2021-10-09 20:40:35
103,38,2021-10-02 10:43:48,2021-10-02 10:44:36,mgME9z4V,462,R_3oRtgHoPXe64jfq,"am-i-in-menopause,homepage,questions-and-answers,symptoms-landing-page",5,4,,,,,2.0,,,,,,,,,,,,,,,,,,,,,,,1.0,,,,,,,,,,,,,,,1.0,,,,,,,,1.0,,,,,,,,,,,,,,,,,,,,,0.0,0.0,0.0,0,7,47,0,2021-10-09 10:43:51,,,,,,,anonymous,EN,1.0,1,,,,,,,,,,,,,,,,,,,,,,,,,,,,,,,,,,,,,,,1,2021-10-02 10:43:48
104,38,2021-10-07 19:57:32,2021-10-07 19:58:28,hVxdKQLQ,85,R_1OADimFLtpLwIwi,"homepage,am-i-in-menopause,heavy-irregular-periods,symptoms-landing-page",4,4,,,,,1.0,,,,,,,,,,,,,,,,,,,,,1.0,,1.0,,,,,,,,,,,,,,,,,,,,,,,1.0,,,,,,,,,,,,,,,,,,,,,0.0,0.0,0.0,0,7,55,0,2021-10-14 19:57:33,,,,,,,anonymous,EN,1.0,1,,,,,,,,,,,,,,,,,,,,,,,,,,,,,,,,,,,,,,,1,2021-10-07 19:57:32
105,2,2021-10-02 14:51:11,2021-10-02 14:54:04,OebYQEod,463,R_3oT9rrDwHZ0TGip,"homepage,create-my-menoplan,dealing-with-brain-fog,gabapentin-and-pregabalin,ssris-and-snris",5,5,,,,,,,,,,,,,,,1.0,,1.0,,,,,,,,1.0,,,1.0,,,,,,,,,,,,,,,,,,,,1.0,,,,,,,,,,,,,,,,,,,,,,,,0.0,0.0,0.0,0,100,173,1,2021-10-02 14:54:05,,,,,32.21299743652344,-110.8279037475586,anonymous,EN,1.0,1,0.0,0.0,4.61,0.0,2.0,2.0,2.0,2.0,2.0,"1,2,3,5,6,7,17,18",,2,,2.0,2.0,1.0,3.0,1.0,3.0,2.0,2.0,1.0,4.0,2.0,4.0,2.0,2.0,3.0,2.0,2.0,2.0,2.0,2.0,9,7.0,5.0,9,"could you include ""how to talk to your doctor""? I asked about treatments and the only thing she recommended was hormones. ",1,2021-10-02 14:51:11
106,38,2021-10-08 20:09:11,2021-10-08 20:10:07,63ao5wrI,0,R_03dWpSZftFHupUt,"create-my-menoplan,homepage,dealing-with-bladder-control",4,3,,,,,,,,,,,,,,,2.0,1.0,,,,,,,,,,,,1.0,,,,,,,,,,,,,,,,,,,,,,,,,,,,,,,,,,,,,,,,,,,,0.0,0.0,0.0,0,7,55,0,2021-10-15 20:09:12,,,,,,,anonymous,EN,1.0,1,,,,,,,,,,,,,,,,,,,,,,,,,,,,,,,,,,,,,,,1,2021-10-08 20:09:11
107,38,2021-10-07 17:15:51,2021-10-07 17:16:59,ROVvsaTF,179,R_262vbwkdlX4GFvV,"homepage,am-i-in-menopause",3,2,,,,,1.0,,,,,,,,,,,,,,,,,,,,,,,2.0,,,,,,,,,,,,,,,,,,,,,,,,,,,,,,,,,,,,,,,,,,,,0.0,0.0,0.0,0,7,67,0,2021-10-14 17:15:51,,,,,,,anonymous,EN,1.0,1,,,,,,,,,,,,,,,,,,,,,,,,,,,,,,,,,,,,,,,1,2021-10-07 17:15:51
108,9,2021-10-06 16:14:14,2021-10-06 16:38:00,q6xUZs7m,27,R_1ClTm6qHL03JCJF,"homepage,avoiding-weight-gain,create-my-menoplan,dealing-with-dry-eyes,exercise,sedatives,yoga",7,7,,,,,,,1.0,,,,,,,,1.0,,,1.0,,,,,1.0,,,,,1.0,,,,,,,,,,,,,,,,,1.0,,,,,,,,,,,,,,,,,,,,,,,,,,1.0,0.0,0.0,0.0,0,100,1425,1,2021-10-06 16:38:01,,,,,37.477493286132805,-122.45050048828124,anonymous,EN,1.0,1,26.471,26.471,110.048,1.0,2.0,1.0,3.0,3.0,2.0,"1,3,12,20",,"2,5",,2.0,,2.0,,,,2.0,2.0,2.0,,,,3.0,2.0,3.0,3.0,4.0,4.0,3.0,3.0,4,7.0,5.0,9,"I think your website is probably really good for people who haven't learned anything yet about menopause and perimenopause.  For me having been in perimenopause for 9 years already, I didn't learn anything new, and I was hoping I would.  Maybe I should have expected I've already had 9 years to get informed.  I probably would have benefitted when I was first discovering what's happening to me.  The most important thing I have learned for managing hot flashes, and I had to figure this out on my own, is to eat a lot of ice chips.",1,2021-10-06 16:14:14
109,38,2021-09-30 08:27:00,2021-09-30 08:27:26,DBCyJdhk,420,R_3dWe7wPykwKui4j,"homepage,create-my-menoplan,dealing-with-bladder-control",3,3,,,,,,,,,,,,,,,1.0,1.0,,,,,,,,,,,,1.0,,,,,,,,,,,,,,,,,,,,,,,,,,,,,,,,,,,,,,,,,,,,0.0,0.0,0.0,0,7,25,0,2021-10-07 08:27:01,,,,,,,anonymous,EN,1.0,1,,,,,,,,,,,,,,,,,,,,,,,,,,,,,,,,,,,,,,,1,2021-09-30 08:27:00
110,38,2021-10-08 20:00:26,2021-10-08 20:05:31,tz5WBdWh,262,R_2YXLDRTmBrrg34n,"homepage,dealing-with-brain-fog,heavy-irregular-periods,mood-depression-anxiety,symptoms-landing-page",5,5,,,,,,,,,,,,,,,,,1.0,,,,,,,,,1.0,,1.0,,,,,1.0,,,,,,,,,,,,,,,,,,1.0,,,,,,,,,,,,,,,,,,,,,0.0,0.0,0.0,0,7,305,0,2021-10-15 20:00:27,,,,,,,anonymous,EN,0.899999976158142,1,,,,,,,,,,,,,,,,,,,,,,,,,,,,,,,,,,,,,,,1,2021-10-08 20:00:26
111,34,2021-09-26 14:36:14,2021-09-26 14:42:38,tkwzD2xS,424,R_3exV1Z9du6yFw6L,"create-my-menoplan,homepage,am-i-in-menopause,dealing-with-bladder-control,dealing-with-brain-fog,dealing-with-dry-eyes,dealing-with-dry-hair-skin,symptoms-landing-page",12,9,,,,,2.0,,,,,,,,,,3.0,1.0,1.0,1.0,1.0,,,,,,,,,2.0,,,,,,,,,,,,,,,,,,,,,,,1.0,,,,,,,,,,,,,,,,,,,,,0.0,0.0,0.0,0,14,383,0,2021-10-03 14:36:20,,,,,,,anonymous,EN,1.0,1,2.693,7.842,18.235,2.0,,,,,,,,,,,,,,,,,,,,,,,,,,,,,,,,,,,1,2021-09-26 14:36:14
112,38,2021-09-30 14:29:35,2021-09-30 14:33:34,xtBQoSlI,197,R_29n538p0qUUXtQV,"homepage,hot-flashes,avoiding-triggers",5,3,,,,,,1.0,,,,,,,,,,,,,,,,,,,,,,2.0,,2.0,,,,,,,,,,,,,,,,,,,,,,,,,,,,,,,,,,,,,,,,,,0.0,0.0,0.0,0,7,238,0,2021-10-07 14:29:40,,,,,,,anonymous,EN,1.0,1,,,,,,,,,,,,,,,,,,,,,,,,,,,,,,,,,,,,,,,1,2021-09-30 14:29:35
113,38,2021-10-09 16:02:01,2021-10-09 16:02:59,WyxoJxYK,309,R_2sWTxHD1C7FtcGf,"homepage,am-i-in-menopause,create-my-menoplan,strategies-to-talk-with-your-doctor",4,4,,,,,1.0,,,,,,,,,,1.0,,,,,,,,,,,,,1.0,,,,,,,,,,,,,,,,,,,,,,1.0,,,,,,,,,,,,,,,,,,,,,,0.0,0.0,0.0,0,7,58,0,2021-10-16 16:02:01,,,,,,,anonymous,EN,0.899999976158142,1,,,,,,,,,,,,,,,,,,,,,,,,,,,,,,,,,,,,,,,1,2021-10-09 16:02:01
114,38,2021-09-26 11:26:20,2021-09-26 11:27:22,wXPKo6on,452,R_3lRmJNvEHnWAOP3,homepage,1,1,,,,,,,,,,,,,,,,,,,,,,,,,,,,1.0,,,,,,,,,,,,,,,,,,,,,,,,,,,,,,,,,,,,,,,,,,,,0.0,0.0,0.0,0,7,61,0,2021-10-03 11:26:21,,,,,,,anonymous,EN,0.899999976158142,1,,,,,,,,,,,,,,,,,,,,,,,,,,,,,,,,,,,,,,,1,2021-09-26 11:26:20
115,38,2021-09-30 12:24:49,2021-10-01 13:37:24,ddLsJ9v6,512,R_BK8bfZ1QBGQ1qbD,"homepage,dry-eyes,hormone-therapy,questions-and-answers,symptoms-landing-page,treatments,what-if-i-have-breast-cancer",7,7,,,,,,,,,,,,,,,,,,,,,1.0,,,,,,,1.0,1.0,,,,,,,,,,,,,,1.0,,,,,,,,1.0,,,,,,,1.0,,,,,,,,,1.0,,,,,0.0,0.0,0.0,0,7,90755,0,2021-10-07 12:24:51,,,,,,,anonymous,EN,1.0,1,,,,,,,,,,,,,,,,,,,,,,,,,,,,,,,,,,,,,,,1,2021-09-30 12:24:49
116,38,2021-10-07 12:52:47,2021-10-07 12:57:46,J9ZFPymP,579,R_aabWPG7w1ubtHix,"homepage,am-i-in-menopause,staying-healthy-in-midlife",3,3,,,,,1.0,,,,,,,,,,,,,,,,,,,,,,,1.0,,,,,,,,,,,,,,,,,,,,,1.0,,,,,,,,,,,,,,,,,,,,,,,0.0,0.0,0.0,0,7,298,0,2021-10-14 12:52:48,,,,,,,anonymous,EN,1.0,1,,,,,,,,,,,,,,,,,,,,,,,,,,,,,,,,,,,,,,,1,2021-10-07 12:52:47
117,38,2021-10-08 12:59:11,2021-10-08 12:59:19,Gg5snwHA,422,R_3elChV8d4h0SNl4,"create-my-menoplan,homepage",3,3,,,,,,,,,,,,,,,2.0,,,,,,,,,,,,,1.0,,,,,,,,,,,,,,,,,,,,,,,,,,,,,,,,,,,,,,,,,,,,0.0,0.0,0.0,0,7,8,0,2021-10-15 12:59:12,,,,,,,anonymous,EN,0.800000011920929,1,,,,,,,,,,,,,,,,,,,,,,,,,,,,,,,,,,,,,,,1,2021-10-08 12:59:11
118,38,2021-10-08 22:06:07,2021-10-08 22:07:09,FBICVYlv,530,R_PTywXrIbkpCbxv3,"symptoms-landing-page,homepage,hot-flashes,mood-depression-anxiety",5,4,,,,,,,,,,,,,,,,,,,,,,,,,,,,1.0,,1.0,,,1.0,,,,,,,,,,,,,,,,,,2.0,,,,,,,,,,,,,,,,,,,,,0.0,0.0,0.0,0,7,62,0,2021-10-15 22:06:07,,,,,,,anonymous,EN,1.0,1,,,,,,,,,,,,,,,,,,,,,,,,,,,,,,,,,,,,,,,1,2021-10-08 22:06:07
119,38,2021-10-05 06:48:52,2021-10-05 06:49:37,qZDvDp2G,159,R_22Aj15Y3OdodnZS,homepage,1,1,,,,,,,,,,,,,,,,,,,,,,,,,,,,1.0,,,,,,,,,,,,,,,,,,,,,,,,,,,,,,,,,,,,,,,,,,,,0.0,0.0,0.0,0,7,45,0,2021-10-12 06:48:52,,,,,,,anonymous,EN,1.0,1,,,,,,,,,,,,,,,,,,,,,,,,,,,,,,,,,,,,,,,1,2021-10-05 06:48:52
120,38,2021-09-26 09:10:34,2021-09-26 09:10:58,tw6XBqiu,321,R_2wHs9ccDYB9b3Mk,"homepage,am-i-in-menopause,create-my-menoplan,gabapentin-and-pregabalin",5,4,,,,,1.0,,,,,,,,,,1.0,,,,,,,,,,1.0,,,2.0,,,,,,,,,,,,,,,,,,,,,,,,,,,,,,,,,,,,,,,,,,,,0.0,0.0,0.0,0,7,23,0,2021-10-03 09:10:34,,,,,,,anonymous,EN,0.899999976158142,1,,,,,,,,,,,,,,,,,,,,,,,,,,,,,,,,,,,,,,,1,2021-09-26 09:10:34
121,38,2021-09-30 11:05:59,2021-09-30 11:06:27,UnpgwLVy,367,R_3FPDnwv3oVgjkFc,"symptoms-landing-page,vagina-pain-dryness-not-during-sex,homepage,brain-fog-cognitive-issues,vaginal-lubricants-and-moisturizers",7,5,,,,,,,,,1.0,,,,,,,,,,,,,,,,,,,1.0,,,,,,,,,,,,,,,,,,,,,,,2.0,,,,,,,,2.0,,,,1.0,,,,,,,,,0.0,0.0,0.0,0,7,27,0,2021-10-07 11:06:00,,,,,,,anonymous,EN,1.0,1,,,,,,,,,,,,,,,,,,,,,,,,,,,,,,,,,,,,,,,1,2021-09-30 11:05:59
122,38,2021-09-29 20:45:06,2021-09-29 20:45:28,euLzjhE1,434,R_3h5Xdar396VqYpH,"am-i-in-menopause,homepage,questions-and-answers",8,3,,,,,4.0,,,,,,,,,,,,,,,,,,,,,,,3.0,,,,,,,,,,,,,,,1.0,,,,,,,,,,,,,,,,,,,,,,,,,,,,,0.0,0.0,0.0,0,7,22,0,2021-10-06 20:45:07,,,,,,,anonymous,EN,1.0,1,,,,,,,,,,,,,,,,,,,,,,,,,,,,,,,,,,,,,,,1,2021-09-29 20:45:06
123,38,2021-09-30 14:59:42,2021-09-30 15:00:22,HM35C0Ao,110,R_1gLKfJghiWDlFqC,homepage,1,1,,,,,,,,,,,,,,,,,,,,,,,,,,,,1.0,,,,,,,,,,,,,,,,,,,,,,,,,,,,,,,,,,,,,,,,,,,,0.0,0.0,0.0,0,7,40,0,2021-10-07 14:59:42,,,,,,,anonymous,EN,1.0,1,,,,,,,,,,,,,,,,,,,,,,,,,,,,,,,,,,,,,,,1,2021-09-30 14:59:42
124,38,2021-09-30 18:41:34,2021-09-30 18:42:10,xhXIc3QJ,187,R_27akS5UVPGyx1k5,homepage,1,1,,,,,,,,,,,,,,,,,,,,,,,,,,,,1.0,,,,,,,,,,,,,,,,,,,,,,,,,,,,,,,,,,,,,,,,,,,,0.0,0.0,0.0,0,7,35,0,2021-10-07 18:41:35,,,,,,,anonymous,EN,0.899999976158142,1,,,,,,,,,,,,,,,,,,,,,,,,,,,,,,,,,,,,,,,1,2021-09-30 18:41:34
125,3,2021-09-30 16:40:32,2021-09-30 16:51:21,60DTzAVx,547,R_RyitYFJdUTiB8nD,"homepage,am-i-in-menopause,create-my-menoplan,questions-and-answers",4,4,,,,,1.0,,,,,,,,,,1.0,,,,,,,,,,,,,1.0,,,,,,,,,,,,,,,1.0,,,,,,,,,,,,,,,,,,,,,,,,,,,,,0.0,0.0,0.0,0,100,648,1,2021-09-30 16:51:21,,,,,39.634292602539055,-77.73370361328125,anonymous,EN,1.0,1,8.85,16.507,17.751,4.0,2.0,2.0,2.0,2.0,2.0,"2,3,5,6,7,12,11,18,16",,"1,2,5,8",,2.0,2.0,2.0,2.0,2.0,2.0,2.0,2.0,2.0,2.0,2.0,2.0,3.0,2.0,3.0,3.0,3.0,3.0,3.0,3.0,"9,10",6.0,5.0,9,,1,2021-09-30 16:40:32
126,38,2021-10-03 18:35:06,2021-10-03 18:36:33,bMl2h9mh,236,R_2Suw24KtgYwNcWb,homepage,1,1,,,,,,,,,,,,,,,,,,,,,,,,,,,,1.0,,,,,,,,,,,,,,,,,,,,,,,,,,,,,,,,,,,,,,,,,,,,0.0,0.0,0.0,0,7,86,0,2021-10-10 18:35:06,,,,,,,anonymous,EN,1.0,1,,,,,,,,,,,,,,,,,,,,,,,,,,,,,,,,,,,,,,,1,2021-10-03 18:35:06
127,2,2021-10-02 13:53:43,2021-10-02 14:24:40,ITJZWnpm,251,R_2WSXBytu5KILICQ,"symptoms-landing-page,create-my-menoplan,about,dealing-with-bladder-control,hot-flashes,meditation-mindfulness-mindfulness-based-stress-reduction,mood-depression-anxiety,test/anxiety-assessment,test/depression-assessment,who-we-are,homepage,am-i-in-menopause,clonidine,gabapentin-and-pregabalin,hormone-therapy,sleep-problems-insomnia,strategies-to-talk-with-your-doctor,test/anxiety-assessment/62bc05b91dd6aa99385a09e5bcc1e02683,test/depression-assessment/63dc4ec5f2f950f45addf6732dfe8dda09,test/insomnia-severity-index,test/insomnia-severity-index/61cdc632e691ed9c6516e62080309a7f90,treatments,weight-gain",38,25,,,2.0,,1.0,,,,,,1.0,,,,3.0,2.0,,,,,,,,,1.0,,,1.0,1.0,2.0,,2.0,2.0,,,,,,,,,,,,,1.0,,,,1.0,6.0,,,2.0,2.0,1.0,,1.0,,,,,,,,1.0,,,2.0,,,1.0,1.0,1.0,0,100,1857,1,2021-10-02 14:24:40,,,,,32.145294189453125,-110.94560241699217,anonymous,EN,1.0,1,19.004,19.004,101.379,1.0,2.0,1.0,1.0,2.0,2.0,"1,2,3,6,7,17,18",,"1,3,2,5",,2.0,1.0,1.0,2.0,1.0,2.0,2.0,1.0,1.0,4.0,1.0,4.0,1.0,1.0,1.0,3.0,2.0,3.0,2.0,2.0,"9,10,4,5,6,7,8",6.0,5.0,9,I would have liked to see some guidance on finding a doctor in my area. The other information in this site was very helpful. I plan on returning in the future. The treatment section was invaluable. I now know that one of the treatments I am using isn't really all that helpful & will seek out other options.,1,2021-10-02 13:53:43
128,3,2021-10-02 10:27:44,2021-10-02 10:45:06,mRB4KkCd,147,R_1qUpQS2CNFJ7WGt,"treatments,homepage,herbal-remedies-and-supplements,symptoms-landing-page,treatment-template-shorter-table-of-contents-2",11,5,,,,,,,,,,,,,,,,,,,,,,,,,,,2.0,2.0,,,,,,,,,,,,,,,,,,,,,,,1.0,,,,,,1.0,5.0,,,,,,,,,,,,,,0.0,0.0,0.0,0,100,1041,1,2021-10-02 10:45:07,,,,,32.246002197265625,-110.9177017211914,anonymous,EN,1.0,1,11.161,13.268,19.478,2.0,5.0,2.0,2.0,4.0,2.0,"1,2,3,5,12,14,19",,2,,2.0,2.0,2.0,3.0,3.0,3.0,2.0,2.0,4.0,4.0,4.0,4.0,3.0,5.0,5.0,5.0,5.0,3.0,3.0,4.0,11,6.0,5.0,,If you strongly disagree with natural herbs and remedies then put more details of the study on your website. It only says it was done. It doesn't say for how long. For all I know it was only 1 treatment and nothing works on 1 treatment. If the study isn't at least 3 or more months for a study with a natural remedy then it's not going to have accurate data.,1,2021-10-02 10:27:44
129,2,2021-10-01 10:32:02,2021-10-01 10:41:17,O9Gu3lBg,603,R_pPJ40eaI9m9zYv7,"about,mood-depression-anxiety,sleep-problems-insomnia,symptoms-landing-page,homepage,am-i-in-menopause,low-sex-drive,our-team,questions-and-answers,weight-gain",14,10,,,2.0,,1.0,,,,,,,,,,,,,,,,,,,,,,,1.0,,,1.0,,2.0,,,,1.0,,,,,,1.0,,,2.0,,,,,2.0,,,,,,,,,,,,,,,1.0,,,,,,0.0,0.0,0.0,0,100,554,1,2021-10-01 10:41:17,,,,,39.04620361328125,-77.11949920654298,anonymous,EN,1.0,1,6.97,6.97,304.249,1.0,2.0,1.0,3.0,2.0,2.0,"3,6,7",,"1,7,4",,1.0,1.0,2.0,3.0,3.0,2.0,1.0,1.0,2.0,2.0,2.0,2.0,2.0,2.0,2.0,2.0,2.0,2.0,2.0,2.0,11,7.0,5.0,9,"Maybe include Sections on ""What to do if...."" you have PCOD or were otherwise always irregular, if obese, if disabled, or infertile.  ",1,2021-10-01 10:32:02
130,38,2021-09-29 21:07:50,2021-09-29 21:22:44,5LyMMS6z,370,R_3G6XshjoKF4ZBV8,"symptoms-landing-page,hot-flashes,homepage,brain-fog-cognitive-issues,gabapentin-and-pregabalin,low-sex-drive,ssris-and-snris,womens-stories",17,8,,,,,,,,,1.0,,,,,,,,,,,,,,,,1.0,,,3.0,,4.0,1.0,,,,,,,,,,,,,,,,,1.0,,,5.0,,,,,,,,,,,,,,,,,,,1.0,,0.0,0.0,0.0,0,7,893,0,2021-10-06 21:07:50,,,,,,,anonymous,EN,1.0,1,,,,,,,,,,,,,,,,,,,,,,,,,,,,,,,,,,,,,,,1,2021-09-29 21:07:50
131,38,2021-09-30 17:58:48,2021-09-30 17:59:44,gepaiC4k,105,R_1ezLjMfs82tyb7U,"homepage,create-my-menoplan",2,2,,,,,,,,,,,,,,,1.0,,,,,,,,,,,,,1.0,,,,,,,,,,,,,,,,,,,,,,,,,,,,,,,,,,,,,,,,,,,,0.0,0.0,0.0,0,7,56,0,2021-10-07 17:58:49,,,,,,,anonymous,EN,1.0,1,,,,,,,,,,,,,,,,,,,,,,,,,,,,,,,,,,,,,,,1,2021-09-30 17:58:48
132,38,2021-09-30 21:03:23,2021-09-30 21:04:41,R5S8mGP2,366,R_3FKVZJ9XFL0K6OQ,"homepage,am-i-in-menopause",2,2,,,,,1.0,,,,,,,,,,,,,,,,,,,,,,,1.0,,,,,,,,,,,,,,,,,,,,,,,,,,,,,,,,,,,,,,,,,,,,0.0,0.0,0.0,0,7,77,0,2021-10-07 21:03:28,,,,,,,anonymous,EN,0.899999976158142,1,,,,,,,,,,,,,,,,,,,,,,,,,,,,,,,,,,,,,,,1,2021-09-30 21:03:23
133,38,2021-09-30 10:00:51,2021-09-30 10:01:28,cNnet9nk,468,R_3qmtrI5irWM6wSt,homepage,1,1,,,,,,,,,,,,,,,,,,,,,,,,,,,,1.0,,,,,,,,,,,,,,,,,,,,,,,,,,,,,,,,,,,,,,,,,,,,0.0,0.0,0.0,0,7,37,0,2021-10-07 10:00:53,,,,,,,anonymous,EN,1.0,1,,,,,,,,,,,,,,,,,,,,,,,,,,,,,,,,,,,,,,,1,2021-09-30 10:00:51
134,3,2021-10-07 15:33:04,2021-10-07 15:40:48,tXa9z4gX,435,R_3hhxVlFc0jCx67D,"homepage,symptoms-landing-page,weight-gain",3,3,,,,,,,,,,,,,,,,,,,,,,,,,,,,1.0,,,,,,,,,,,,,,,,,,,,,,,1.0,,,,,,,,,,,,,,,1.0,,,,,,0.0,0.0,0.0,0,100,463,1,2021-10-07 15:40:48,,,,,39.165802001953125,-76.63819885253906,anonymous,EN,1.0,1,9.789,9.789,10.942,1.0,2.0,2.0,2.0,2.0,2.0,"1,2,12,13,20,14,19",,"3,2,5",,1.0,1.0,1.0,1.0,1.0,2.0,2.0,2.0,2.0,1.0,2.0,2.0,2.0,2.0,3.0,3.0,2.0,2.0,2.0,2.0,11,7.0,5.0,6,,1,2021-10-07 15:33:04
135,38,2021-09-27 19:44:48,2021-09-27 19:46:31,YlSCRoMx,74,R_1M57CfD8Gp1Jd4f,"homepage,am-i-in-menopause",2,2,,,,,1.0,,,,,,,,,,,,,,,,,,,,,,,1.0,,,,,,,,,,,,,,,,,,,,,,,,,,,,,,,,,,,,,,,,,,,,0.0,0.0,0.0,0,7,102,0,2021-10-04 19:44:49,,,,,,,anonymous,EN,1.0,1,,,,,,,,,,,,,,,,,,,,,,,,,,,,,,,,,,,,,,,1,2021-09-27 19:44:48
136,4,2021-10-02 14:50:32,2021-10-02 15:10:49,T5OI5MTE,494,R_71UC8fstl958aYh,"homepage,symptoms-landing-page,brain-fog-cognitive-issues,create-my-menoplan,weight-gain",9,5,,,,,,,,,1.0,,,,,,1.0,,,,,,,,,,,,,3.0,,,,,,,,,,,,,,,,,,,,,,,3.0,,,,,,,,,,,,,,,1.0,,,,,,0.0,0.0,0.0,0,100,1216,1,2021-10-02 15:10:49,,,,,43.01890563964844,-71.56929779052734,anonymous,EN,0.899999976158142,1,2.59,4.179,6.499,2.0,3.0,3.0,4.0,4.0,3.0,"1,11,8,17,18,14,19",,"3,2",,2.0,,1.0,2.0,1.0,2.0,4.0,4.0,4.0,2.0,4.0,4.0,5.0,3.0,4.0,4.0,5.0,4.0,4.0,4.0,9,7.0,5.0,,"I was looking for more in depth information 
This may be a good place for people to start ",1,2021-10-02 14:50:32
137,38,2021-10-07 18:33:00,2021-10-07 18:34:32,IF9bmMKq,461,R_3oO8SrvZrOR1F0d,homepage,1,1,,,,,,,,,,,,,,,,,,,,,,,,,,,,1.0,,,,,,,,,,,,,,,,,,,,,,,,,,,,,,,,,,,,,,,,,,,,0.0,0.0,0.0,0,7,92,0,2021-10-14 18:33:01,,,,,,,anonymous,EN,1.0,1,,,,,,,,,,,,,,,,,,,,,,,,,,,,,,,,,,,,,,,1,2021-10-07 18:33:00
138,38,2021-09-26 10:53:09,2021-09-26 10:56:10,YYP21Y4x,69,R_1LOkmCjBF54sNta,"homepage,clonidine,create-my-menoplan",3,3,,,,,,,,,,,1.0,,,,1.0,,,,,,,,,,,,,1.0,,,,,,,,,,,,,,,,,,,,,,,,,,,,,,,,,,,,,,,,,,,,0.0,0.0,0.0,0,7,181,0,2021-10-03 10:53:12,,,,,,,anonymous,EN,1.0,1,,,,,,,,,,,,,,,,,,,,,,,,,,,,,,,,,,,,,,,1,2021-09-26 10:53:09
139,2,2021-09-30 19:13:27,2021-09-30 19:30:01,UHlW43We,201,R_2AMRwpkEuDR5ZoH,"homepage,am-i-in-menopause,avoiding-triggers,create-my-menoplan,physical-aches-pains,symptoms-landing-page",6,6,,,,,1.0,1.0,,,,,,,,,1.0,,,,,,,,,,,,,1.0,,,,,,,,,,,,,1.0,,,,,,,,,,1.0,,,,,,,,,,,,,,,,,,,,,0.0,0.0,0.0,0,100,993,1,2021-09-30 19:30:01,,,,,42.804397583007805,-76.1406021118164,anonymous,EN,1.0,1,7.558,7.558,386.949,1.0,3.0,3.0,4.0,3.0,2.0,"1,2,3,5,6,7,12,11,18,14",,"2,4",,2.0,1.0,1.0,2.0,1.0,2.0,2.0,2.0,4.0,2.0,4.0,4.0,4.0,2.0,4.0,2.0,5.0,5.0,5.0,3.0,"9,10",7.0,5.0,9,"There were no helpful suggestions for managing symptoms.  If there are no truly helpful treatments for symptoms, just leave out a page that has a title that give us hope and then dashes them when we find out there's no way to treat them.  ",1,2021-09-30 19:13:27
140,3,2021-10-17 15:35:11,2021-10-17 15:48:14,Q9VQIuFE,271,R_2arXLXrGm71rdV6,"am-i-in-menopause,homepage,what-if-i-have-breast-cancer",8,3,,,,,5.0,,,,,,,,,,,,,,,,,,,,,,,2.0,,,,,,,,,,,,,,,,,,,,,,,,,,,,,,,,,,,,,,,1.0,,,,,0.0,0.0,0.0,0,100,782,1,2021-10-17 15:48:15,,,,,33.52110290527344,-86.77059936523438,anonymous,EN,1.0,1,0.17,39.057,40.502,6.0,2.0,2.0,4.0,4.0,2.0,"1,3,5,6,7,12,11,10,16,14",,"7,2",,2.0,2.0,2.0,1.0,1.0,2.0,2.0,2.0,2.0,1.0,2.0,2.0,2.0,2.0,2.0,3.0,2.0,2.0,2.0,2.0,"9,4,6",7.0,5.0,6,,1,2021-10-17 15:35:11
141,38,2021-10-08 23:10:28,2021-10-08 23:11:16,vzJT1zUX,145,R_1pYirbukdhcXb4M,"homepage,acupuncture,create-my-menoplan,hot-flashes,symptoms-landing-page",5,5,,,,1.0,,,,,,,,,,,1.0,,,,,,,,,,,,,1.0,,1.0,,,,,,,,,,,,,,,,,,,,,1.0,,,,,,,,,,,,,,,,,,,,,0.0,0.0,0.0,0,7,48,0,2021-10-15 23:10:31,,,,,,,anonymous,EN,0.899999976158142,1,,,,,,,,,,,,,,,,,,,,,,,,,,,,,,,,,,,,,,,1,2021-10-08 23:10:28
142,38,2021-10-02 11:48:59,2021-10-02 11:49:27,xIKXppYX,532,R_PUksfg34dxbBWZr,"treatments,homepage,am-i-in-menopause,clonidine,cognitive-behavioral-therapy,omega-3-fatty-acids,vitamins",10,8,,,,,1.0,,,,,,1.0,1.0,,,,,,,,,,,,,,,,2.0,,,,,,1.0,,,,,,,,,,,,,,,,,,,,,,,,3.0,,,,,,,1.0,,,,,,,0.0,0.0,0.0,0,7,28,0,2021-10-09 11:48:59,,,,,,,anonymous,EN,1.0,1,,,,,,,,,,,,,,,,,,,,,,,,,,,,,,,,,,,,,,,1,2021-10-02 11:48:59
143,38,2021-10-01 10:49:20,2021-10-01 11:09:58,rfsHDxXZ,285,R_2dT3rxrogxj6KxO,homepage,1,1,,,,,,,,,,,,,,,,,,,,,,,,,,,,1.0,,,,,,,,,,,,,,,,,,,,,,,,,,,,,,,,,,,,,,,,,,,,0.0,0.0,0.0,0,7,1238,0,2021-10-08 10:49:20,,,,,,,anonymous,EN,1.0,1,,,,,,,,,,,,,,,,,,,,,,,,,,,,,,,,,,,,,,,1,2021-10-01 10:49:20
144,38,2021-09-28 08:11:34,2021-09-28 08:12:43,5nT42ynh,584,R_bE3fulIhWB9EMkF,homepage,1,1,,,,,,,,,,,,,,,,,,,,,,,,,,,,1.0,,,,,,,,,,,,,,,,,,,,,,,,,,,,,,,,,,,,,,,,,,,,0.0,0.0,0.0,0,7,68,0,2021-10-05 08:11:36,,,,,,,anonymous,EN,1.0,1,,,,,,,,,,,,,,,,,,,,,,,,,,,,,,,,,,,,,,,1,2021-09-28 08:11:34
145,3,2021-10-06 18:48:29,2021-10-06 19:01:09,n6cdRHat,632,R_xyKfbOm5RYjy1oZ,"am-i-in-menopause,homepage,about,strategies-to-talk-with-your-doctor,symptoms-landing-page,heavy-irregular-periods",14,6,,,2.0,,5.0,,,,,,,,,,,,,,,,,,,,,1.0,,2.0,,,,,,,,,,,,,,,,,,,,,,2.0,2.0,,,,,,,,,,,,,,,,,,,,,0.0,0.0,0.0,0,100,759,1,2021-10-06 19:01:10,,,,,28.8446044921875,-82.03759765625,anonymous,EN,1.0,1,1.479,20.808,21.474,13.0,1.0,1.0,1.0,2.0,2.0,"1,2,3,6,7,11,8,10,17,18,20,15,16,14,19",,"1,3,5,4",,1.0,1.0,1.0,2.0,1.0,2.0,1.0,1.0,1.0,2.0,2.0,2.0,2.0,2.0,2.0,3.0,2.0,3.0,2.0,2.0,10,6.0,5.0,7,,1,2021-10-06 18:48:29
146,38,2021-10-10 10:22:43,2021-10-10 10:23:53,jGX7G3ay,543,R_Rku5j9WrfG9muJP,"symptoms-landing-page,homepage,dry-hair-skin,sleep-problems-insomnia",5,4,,,,,,,,,,,,,,,,,,,,,,1.0,,,,,,1.0,,,,,,,,,,,,,,,,,,1.0,,,,,2.0,,,,,,,,,,,,,,,,,,,,,0.0,0.0,0.0,0,7,70,0,2021-10-17 10:22:45,,,,,,,anonymous,EN,1.0,1,,,,,,,,,,,,,,,,,,,,,,,,,,,,,,,,,,,,,,,1,2021-10-10 10:22:43
147,34,2021-10-04 19:47:05,2021-10-04 19:47:42,UyHAj48X,540,R_R53n9LgudfNykfv,"homepage,create-my-menoplan,dealing-with-brain-fog,soy-foods-and-supplements,symptoms-landing-page,treatments",11,6,,,,,,,,,,,,,,,3.0,,1.0,,,,,,,,,,,4.0,,,,,,,,,,,,,,,,,,,1.0,,,,1.0,,,,,,,1.0,,,,,,,,,,,,,,0.0,0.0,0.0,0,14,36,0,2021-10-11 19:47:06,,,,,,,anonymous,EN,1.0,1,5.479,5.479,6.518,1.0,,,,,,,,,,,,,,,,,,,,,,,,,,,,,,,,,,,1,2021-10-04 19:47:05
148,4,2021-10-17 20:13:15,2021-10-17 20:27:53,HMfi8a4G,412,R_3QK5mET7gm3CK11,"homepage,am-i-in-menopause,clonidine,create-my-menoplan,dealing-with-bladder-control,dealing-with-brain-fog,gabapentin-and-pregabalin,hormone-therapy,hot-flashes,soy-foods-and-supplements,strategies-to-talk-with-your-doctor,symptoms-landing-page,womens-stories",13,13,,,,,1.0,,,,,,1.0,,,,1.0,1.0,1.0,,,,,,,,1.0,,,1.0,1.0,1.0,,,,,,,,,,,,,,,,,1.0,,,1.0,1.0,,,,,,,,,,,,,,,,,,,1.0,,0.0,0.0,0.0,0,100,877,1,2021-10-17 20:27:53,,,,,35.456298828125,-94.32980346679688,anonymous,EN,0.899999976158142,1,3.094,3.774,4.695,2.0,2.0,2.0,2.0,2.0,4.0,"1,2,5,6,7,17,18,14",,"1,3,2",,2.0,2.0,1.0,2.0,1.0,1.0,1.0,1.0,1.0,1.0,1.0,1.0,1.0,1.0,1.0,1.0,1.0,,1.0,2.0,"9,7",5.0,5.0,9,,1,2021-10-17 20:13:15
149,3,2021-10-17 17:31:38,2021-10-17 17:34:39,hi8LgEpk,222,R_2P7hKNjMZntIvse,"homepage,create-my-menoplan",2,2,,,,,,,,,,,,,,,1.0,,,,,,,,,,,,,1.0,,,,,,,,,,,,,,,,,,,,,,,,,,,,,,,,,,,,,,,,,,,,0.0,0.0,0.0,0,100,180,1,2021-10-17 17:34:39,,,,,40.74940490722656,-73.96640014648438,anonymous,EN,0.899999976158142,1,1.11,2.529,3.914,2.0,2.0,2.0,3.0,3.0,2.0,"11,10,15,16,14,19",,"2,4",,2.0,2.0,1.0,1.0,2.0,2.0,2.0,2.0,2.0,2.0,2.0,2.0,3.0,2.0,2.0,2.0,2.0,3.0,3.0,3.0,9,6.0,5.0,5,,1,2021-10-17 17:31:38
150,38,2021-10-06 20:32:35,2021-10-06 20:33:16,1haHiwW7,596,R_e501mFDgx5W0JPz,"create-my-menoplan,homepage,dealing-with-bladder-control,symptoms-landing-page",5,4,,,,,,,,,,,,,,,2.0,1.0,,,,,,,,,,,,1.0,,,,,,,,,,,,,,,,,,,,,,,1.0,,,,,,,,,,,,,,,,,,,,,0.0,0.0,0.0,0,7,41,0,2021-10-13 20:32:35,,,,,,,anonymous,EN,1.0,1,,,,,,,,,,,,,,,,,,,,,,,,,,,,,,,,,,,,,,,1,2021-10-06 20:32:35
151,38,2021-09-30 22:03:26,2021-09-30 22:03:40,ynJnQpQz,306,R_2rrbRD6j4J8Ndp0,"homepage,create-my-menoplan",2,2,,,,,,,,,,,,,,,1.0,,,,,,,,,,,,,1.0,,,,,,,,,,,,,,,,,,,,,,,,,,,,,,,,,,,,,,,,,,,,0.0,0.0,0.0,0,7,13,0,2021-10-07 22:03:27,,,,,,,anonymous,EN,1.0,1,,,,,,,,,,,,,,,,,,,,,,,,,,,,,,,,,,,,,,,1,2021-09-30 22:03:26
152,38,2021-09-27 20:32:07,2021-09-27 20:35:15,8XplDQ4e,396,R_3MMNfZxdCSgduS0,homepage,1,1,,,,,,,,,,,,,,,,,,,,,,,,,,,,1.0,,,,,,,,,,,,,,,,,,,,,,,,,,,,,,,,,,,,,,,,,,,,0.0,0.0,0.0,0,7,187,0,2021-10-04 20:32:09,,,,,,,anonymous,EN,1.0,1,,,,,,,,,,,,,,,,,,,,,,,,,,,,,,,,,,,,,,,1,2021-09-27 20:32:07
153,38,2021-09-30 15:01:20,2021-09-30 15:02:38,vwWRASFi,296,R_2q3HGnFV6z9cH7u,"homepage,symptoms-landing-page",2,2,,,,,,,,,,,,,,,,,,,,,,,,,,,,1.0,,,,,,,,,,,,,,,,,,,,,,,1.0,,,,,,,,,,,,,,,,,,,,,0.0,0.0,0.0,0,7,77,0,2021-10-07 15:01:25,,,,,,,anonymous,EN,1.0,1,,,,,,,,,,,,,,,,,,,,,,,,,,,,,,,,,,,,,,,1,2021-09-30 15:01:20
154,34,2021-10-01 17:53:04,2021-10-01 17:54:10,CcJ35EiH,538,R_Qft3uLOs8uIVVOV,"homepage,symptoms-landing-page,treatments",3,3,,,,,,,,,,,,,,,,,,,,,,,,,,,,1.0,,,,,,,,,,,,,,,,,,,,,,,1.0,,,,,,,1.0,,,,,,,,,,,,,,0.0,0.0,0.0,0,14,65,0,2021-10-08 17:53:07,,,,,,,anonymous,EN,1.0,1,6.82,8.461,12.709,3.0,,,,,,,,,,,,,,,,,,,,,,,,,,,,,,,,,,,1,2021-10-01 17:53:04
155,38,2021-10-10 09:30:01,2021-10-10 09:31:23,zGtFCxoJ,613,R_skhJvRlnMIYgQ9P,"homepage,am-i-in-menopause,strategies-to-talk-with-your-doctor",3,3,,,,,1.0,,,,,,,,,,,,,,,,,,,,,,,1.0,,,,,,,,,,,,,,,,,,,,,,1.0,,,,,,,,,,,,,,,,,,,,,,0.0,0.0,0.0,0,7,81,0,2021-10-17 09:30:03,,,,,,,anonymous,EN,1.0,1,,,,,,,,,,,,,,,,,,,,,,,,,,,,,,,,,,,,,,,1,2021-10-10 09:30:01
156,38,2021-10-09 12:14:08,2021-10-09 12:24:19,kpdd5P96,182,R_26fiUb9WrXbeKVK,"homepage,create-my-menoplan",2,2,,,,,,,,,,,,,,,1.0,,,,,,,,,,,,,1.0,,,,,,,,,,,,,,,,,,,,,,,,,,,,,,,,,,,,,,,,,,,,0.0,0.0,0.0,0,7,610,0,2021-10-16 12:14:09,,,,,,,anonymous,EN,1.0,1,,,,,,,,,,,,,,,,,,,,,,,,,,,,,,,,,,,,,,,1,2021-10-09 12:14:08
157,38,2021-09-28 13:41:03,2021-09-28 13:41:22,ybWttG76,300,R_2qm8LE4mEpx7slT,"homepage,am-i-in-menopause,create-my-menoplan,dealing-with-bladder-control,dealing-with-dry-hair-skin,symptoms-landing-page",6,6,,,,,1.0,,,,,,,,,,1.0,1.0,,,1.0,,,,,,,,,1.0,,,,,,,,,,,,,,,,,,,,,,,1.0,,,,,,,,,,,,,,,,,,,,,0.0,0.0,0.0,0,7,19,0,2021-10-05 13:41:06,,,,,,,anonymous,EN,1.0,1,,,,,,,,,,,,,,,,,,,,,,,,,,,,,,,,,,,,,,,1,2021-09-28 13:41:03
158,38,2021-10-09 17:03:05,2021-10-09 17:04:18,YNA5j02S,287,R_2diJ4hjS3KXDiZo,"homepage,am-i-in-menopause",2,2,,,,,1.0,,,,,,,,,,,,,,,,,,,,,,,1.0,,,,,,,,,,,,,,,,,,,,,,,,,,,,,,,,,,,,,,,,,,,,0.0,0.0,0.0,0,7,73,0,2021-10-16 17:03:05,,,,,,,anonymous,EN,1.0,1,,,,,,,,,,,,,,,,,,,,,,,,,,,,,,,,,,,,,,,1,2021-10-09 17:03:05
159,38,2021-09-30 21:32:00,2021-09-30 21:32:52,4J6dfSrU,268,R_2a8fFGbyvycWz0T,"homepage,symptoms-landing-page",2,2,,,,,,,,,,,,,,,,,,,,,,,,,,,,1.0,,,,,,,,,,,,,,,,,,,,,,,1.0,,,,,,,,,,,,,,,,,,,,,0.0,0.0,0.0,0,7,52,0,2021-10-07 21:32:01,,,,,,,anonymous,EN,1.0,1,,,,,,,,,,,,,,,,,,,,,,,,,,,,,,,,,,,,,,,1,2021-09-30 21:32:00
160,38,2021-09-24 23:01:05,2021-09-24 23:20:47,qUYByImd,525,R_OKjheqiFdKhfa6Z,"create-my-menoplan,homepage,avoiding-weight-gain,clonidine,dealing-with-dry-eyes",6,5,,,,,,,1.0,,,,1.0,,,,2.0,,,1.0,,,,,,,,,,1.0,,,,,,,,,,,,,,,,,,,,,,,,,,,,,,,,,,,,,,,,,,,,0.0,0.0,0.0,0,7,1182,0,2021-10-01 23:01:09,,,,,,,anonymous,EN,1.0,1,,,,,,,,,,,,,,,,,,,,,,,,,,,,,,,,,,,,,,,1,2021-09-24 23:01:05
161,38,2021-09-28 09:39:30,2021-09-28 09:40:32,DCvJYo6a,441,R_3j2pNTJ8aLTZR2u,"homepage,create-my-menoplan",2,2,,,,,,,,,,,,,,,1.0,,,,,,,,,,,,,1.0,,,,,,,,,,,,,,,,,,,,,,,,,,,,,,,,,,,,,,,,,,,,0.0,0.0,0.0,0,7,62,0,2021-10-05 09:39:31,,,,,,,anonymous,EN,1.0,1,,,,,,,,,,,,,,,,,,,,,,,,,,,,,,,,,,,,,,,1,2021-09-28 09:39:30
162,3,2021-10-06 20:44:05,2021-10-06 21:10:32,3BqAynTA,91,R_1P0Epk8fkJBSizX,"low-sex-drive,symptoms-landing-page,homepage,am-i-in-menopause,bladder-control-problems,create-my-menoplan,dealing-with-bladder-control,dry-eyes,gabapentin-and-pregabalin,hot-flashes,treatment-template-shorter-table-of-contents-2,vaginal-physical-therapy,weight-gain",15,13,,,,,1.0,,,1.0,,,,,,,1.0,1.0,,,,,1.0,,,,1.0,,,1.0,,1.0,2.0,,,,,,,,,,,,,,,,,,,,2.0,,,,,,1.0,,,,,,,1.0,,1.0,,,,,,0.0,0.0,0.0,0,100,1586,1,2021-10-06 21:10:32,,,,,41.50920104980469,-87.59380340576173,anonymous,EN,0.899999976158142,1,5.917,1327.919,1330.066,2.0,1.0,1.0,1.0,1.0,2.0,"2,3,12,11,17,20,16,19",,"1,7,3,2",,1.0,1.0,1.0,2.0,2.0,2.0,1.0,1.0,1.0,4.0,4.0,4.0,1.0,3.0,3.0,1.0,1.0,3.0,2.0,3.0,"9,10",6.0,5.0,6,,1,2021-10-06 20:44:05
163,2,2021-09-25 09:35:55,2021-09-25 09:58:21,Y7IF85ym,510,R_AogW0dVuFZhFUFX,"homepage,clonidine,create-my-menoplan,meditation-mindfulness-mindfulness-based-stress-reduction,symptoms-landing-page",5,5,,,,,,,,,,,1.0,,,,1.0,,,,,,,,,,,,,1.0,,,,1.0,,,,,,,,,,,,,,,,,,,1.0,,,,,,,,,,,,,,,,,,,,,0.0,0.0,0.0,0,100,1346,1,2021-09-25 09:58:22,,,,,45.07820129394531,-93.18939971923827,anonymous,EN,1.0,1,5.701,5.701,329.986,1.0,4.0,4.0,2.0,4.0,3.0,"1,2,3,6,7,11,10,18,15,14,19",,"3,2,8",,2.0,1.0,1.0,3.0,2.0,2.0,2.0,1.0,4.0,2.0,4.0,2.0,2.0,2.0,4.0,4.0,2.0,4.0,4.0,4.0,9,7.0,5.0,9,"The menoplan treatment area didn't make sense of how it is set up, took awhile to see the side items were actual links to more info. Don't understand why there are side slider toggles under ""may help"", what is the purpose? why not just a checkmark in a different color or a star symbol.  I also think the info provided in each link was not very interesting in format. I also think if you are providing info and tools for middle age persons, you should have font that is not in a grey scale format. It should be easier to read with better headings to attract the eye. It all seems very one note and easy to miss what is offered. I wans't aware of any dairies or other tools, never directed to those parts of the website.  I suggest a better web designer who understands the needs of middle age eyesight. ",1,2021-09-25 09:35:55
164,2,2021-09-26 08:22:19,2021-09-26 08:40:15,W2UjXTC3,501,R_8iXxpMeSDwjXpwR,"homepage,am-i-in-menopause,create-my-menoplan,dealing-with-bladder-control,questions-and-answers",5,5,,,,,1.0,,,,,,,,,,1.0,1.0,,,,,,,,,,,,1.0,,,,,,,,,,,,,,,1.0,,,,,,,,,,,,,,,,,,,,,,,,,,,,,0.0,0.0,0.0,0,100,1075,1,2021-09-26 08:40:15,,,,,40.293792724609375,-83.07440185546875,anonymous,EN,1.0,1,8.974,8.974,504.603,1.0,1.0,2.0,1.0,2.0,1.0,"5,7,11,17,20,19",,"1,7,2,4",,1.0,1.0,1.0,1.0,1.0,3.0,1.0,1.0,1.0,2.0,1.0,4.0,1.0,2.0,2.0,2.0,1.0,2.0,2.0,2.0,"9,10",7.0,5.0,9,Hard to see which symptoms I'd selected for 'Create My Menoplan' using an iPad with iPadOS 14.8.  Perhaps increase contrast?,1,2021-09-26 08:22:19
165,38,2021-10-06 19:38:37,2021-10-06 19:44:32,jdz0ZoGX,454,R_3ldRziQyQExTlAd,"homepage,symptoms-landing-page,vagina-pain-dryness-not-during-sex,vaginal-lubricants-and-moisturizers",4,4,,,,,,,,,,,,,,,,,,,,,,,,,,,,1.0,,,,,,,,,,,,,,,,,,,,,,,1.0,,,,,,,,1.0,,,,1.0,,,,,,,,,0.0,0.0,0.0,0,7,354,0,2021-10-13 19:38:38,,,,,,,anonymous,EN,1.0,1,,,,,,,,,,,,,,,,,,,,,,,,,,,,,,,,,,,,,,,1,2021-10-06 19:38:37
166,38,2021-10-01 11:32:11,2021-10-01 11:32:32,DJ0A9jl8,122,R_1jg3CQ1cBIHLr6W,"create-my-menoplan,homepage,am-i-in-menopause,cooling-techniques",5,4,,,,,1.0,,,,,,,,,1.0,2.0,,,,,,,,,,,,,1.0,,,,,,,,,,,,,,,,,,,,,,,,,,,,,,,,,,,,,,,,,,,,0.0,0.0,0.0,0,7,20,0,2021-10-08 11:32:11,,,,,,,anonymous,EN,1.0,1,,,,,,,,,,,,,,,,,,,,,,,,,,,,,,,,,,,,,,,1,2021-10-01 11:32:11
167,38,2021-09-26 13:06:19,2021-09-26 13:07:42,IuwVMLvq,583,R_bC8Kx79kZuOrqGl,"homepage,create-my-menoplan",2,2,,,,,,,,,,,,,,,1.0,,,,,,,,,,,,,1.0,,,,,,,,,,,,,,,,,,,,,,,,,,,,,,,,,,,,,,,,,,,,0.0,0.0,0.0,0,7,83,0,2021-10-03 13:06:21,,,,,,,anonymous,EN,1.0,1,,,,,,,,,,,,,,,,,,,,,,,,,,,,,,,,,,,,,,,1,2021-09-26 13:06:19
168,34,2021-09-26 12:59:05,2021-09-26 13:00:06,eHuW5vEw,294,R_2pQ6GKMpFjx98cs,"homepage,create-my-menoplan",2,2,,,,,,,,,,,,,,,1.0,,,,,,,,,,,,,1.0,,,,,,,,,,,,,,,,,,,,,,,,,,,,,,,,,,,,,,,,,,,,0.0,0.0,0.0,0,14,60,0,2021-10-03 12:59:08,,,,,,,anonymous,EN,1.0,1,5.091,5.947,6.791,2.0,,,,,,,,,,,,,,,,,,,,,,,,,,,,,,,,,,,1,2021-09-26 12:59:05
169,5,2021-10-20 21:22:14,2021-10-20 21:40:16,E50LqgRg,234,R_2Sk8rZ1hPdeJOg8,"pelvic-floor-physical-therapy,homepage,clinical-hypnosis,am-i-in-menopause,create-my-menoplan,dealing-with-dry-eyes",10,6,,,,,1.0,,,,,2.0,,,,,1.0,,,1.0,,,,,,,,,,2.0,,,,,,,,,,,,3.0,,,,,,,,,,,,,,,,,,,,,,,,,,,,,,,,0.0,0.0,0.0,0,100,1082,1,2021-10-20 21:40:16,,,,,37.66920471191406,-97.27539825439453,anonymous,EN,0.899999976158142,1,3.255,3.255,5.152,1.0,2.0,2.0,3.0,4.0,2.0,"1,2,3,5,6,7,11,8,10,13,20,15,16,14,19",,"3,2",,2.0,1.0,1.0,3.0,1.0,3.0,1.0,1.0,2.0,,1.0,,1.0,1.0,3.0,2.0,1.0,1.0,1.0,2.0,"9,10",7.0,5.0,9,,1,2021-10-20 21:22:14
170,38,2021-10-08 07:21:20,2021-10-08 07:21:42,wLbpNldB,36,R_1FgijJpK9YP6H5C,homepage,1,1,,,,,,,,,,,,,,,,,,,,,,,,,,,,1.0,,,,,,,,,,,,,,,,,,,,,,,,,,,,,,,,,,,,,,,,,,,,0.0,0.0,0.0,0,7,21,0,2021-10-15 07:21:21,,,,,,,anonymous,EN,1.0,1,,,,,,,,,,,,,,,,,,,,,,,,,,,,,,,,,,,,,,,1,2021-10-08 07:21:20
171,3,2021-10-17 15:38:39,2021-10-17 15:42:20,7TIMk1S1,470,R_3rMmtW6w5REA18m,"homepage,am-i-in-menopause,create-my-menoplan,vaginal-estrogen,what-if-i-have-breast-cancer",5,5,,,,,1.0,,,,,,,,,,1.0,,,,,,,,,,,,,1.0,,,,,,,,,,,,,,,,,,,,,,,,,,,,,,,,,1.0,,,,,,1.0,,,,,0.0,0.0,0.0,0,100,220,1,2021-10-17 15:42:20,,,,,33.19090270996094,-96.61979675292967,anonymous,EN,1.0,1,1.648,1.648,2.77,1.0,2.0,2.0,2.0,2.0,3.0,"1,2,3,5,6,11,8,18,20,16",,"2,5",,2.0,1.0,1.0,2.0,1.0,2.0,2.0,1.0,1.0,2.0,1.0,2.0,2.0,2.0,3.0,2.0,2.0,2.0,2.0,3.0,9,7.0,5.0,9,,1,2021-10-17 15:38:39
172,38,2021-10-02 19:27:23,2021-10-02 19:27:57,KxkyYM9P,593,R_d0z5NLcuzkT4nHr,"am-i-in-menopause,homepage",3,2,,,,,2.0,,,,,,,,,,,,,,,,,,,,,,,1.0,,,,,,,,,,,,,,,,,,,,,,,,,,,,,,,,,,,,,,,,,,,,0.0,0.0,0.0,0,7,34,0,2021-10-09 19:27:24,,,,,,,anonymous,EN,1.0,1,,,,,,,,,,,,,,,,,,,,,,,,,,,,,,,,,,,,,,,1,2021-10-02 19:27:23
173,38,2021-10-08 20:19:08,2021-10-08 20:19:44,Tr9OSHVU,563,R_XCavtMHkdWQGIs9,"homepage,symptoms-landing-page,weight-gain",3,3,,,,,,,,,,,,,,,,,,,,,,,,,,,,1.0,,,,,,,,,,,,,,,,,,,,,,,1.0,,,,,,,,,,,,,,,1.0,,,,,,0.0,0.0,0.0,0,7,36,0,2021-10-15 20:19:10,,,,,,,anonymous,EN,1.0,1,,,,,,,,,,,,,,,,,,,,,,,,,,,,,,,,,,,,,,,1,2021-10-08 20:19:08
174,34,2021-09-30 21:29:08,2021-09-30 21:29:31,S7dhrILh,445,R_3k1jO8D5bIcOfAl,homepage,1,1,,,,,,,,,,,,,,,,,,,,,,,,,,,,1.0,,,,,,,,,,,,,,,,,,,,,,,,,,,,,,,,,,,,,,,,,,,,0.0,0.0,0.0,0,14,22,0,2021-10-07 21:29:15,,,,,,,anonymous,EN,1.0,1,3.323,4.031,5.595,2.0,,,,,,,,,,,,,,,,,,,,,,,,,,,,,,,,,,,1,2021-09-30 21:29:08
175,1,2021-10-15 14:19:08,2021-10-15 14:26:24,OR1OpfQV,417,R_3dEoatS9PEFJBFM,"symptoms-landing-page,am-i-in-menopause,create-my-menoplan,homepage,dry-hair-skin,heavy-irregular-periods",10,6,,,,,2.0,,,,,,,,,,2.0,,,,,,,1.0,,,,1.0,,1.0,,,,,,,,,,,,,,,,,,,,,,,3.0,,,,,,,,,,,,,,,,,,,,,0.0,0.0,0.0,0,100,436,1,2021-10-15 14:26:25,,,,,41.60679626464844,-81.49849700927734,anonymous,EN,1.0,1,2.095,2.095,3.333,1.0,1.0,1.0,1.0,2.0,2.0,"1,2,7,12,18,19,22",Horrible acne,"1,7,3,2,5",,1.0,1.0,1.0,1.0,1.0,2.0,1.0,2.0,1.0,1.0,1.0,2.0,2.0,2.0,2.0,3.0,1.0,2.0,2.0,2.0,"9,6",7.0,5.0,9,I know that I have developed bad acne. My doctor has contributed it to hormonal change and I just need to be patient and wait it out. If there are any ideas about what may help perimenopausal acne I think  it may help women also having the same issue especially when a recommended solution is hormones and I myself have health issues and can't do that. ,1,2021-10-15 14:19:08
176,3,2021-10-01 10:19:50,2021-10-01 10:33:10,X7w99g7D,213,R_2DUhbQp5X6Raku6,"homepage,am-i-in-menopause,create-my-menoplan,exercise,mood-depression-anxiety,sleep-problems-insomnia,staying-healthy-in-midlife,symptoms-landing-page,test/anxiety-assessment",10,9,,,,,1.0,,,,,,,,,,1.0,,,,,,,,1.0,,,,,2.0,,,,,1.0,,,,,,,,,,,,,1.0,,,1.0,,1.0,,,1.0,,,,,,,,,,,,,,,,,,0.0,0.0,0.0,0,100,799,1,2021-10-01 10:33:10,,,,,27.26210021972656,-80.38349914550781,anonymous,EN,0.899999976158142,1,11.574,11.574,106.462,1.0,2.0,1.0,2.0,2.0,1.0,"3,12,11,19",,"7,3,4",,2.0,2.0,2.0,2.0,1.0,2.0,1.0,1.0,1.0,1.0,1.0,1.0,2.0,1.0,2.0,3.0,2.0,3.0,2.0,3.0,10,5.0,5.0,9,,1,2021-10-01 10:19:50
177,38,2021-10-03 16:37:27,2021-10-03 16:37:42,iv1K8YkF,125,R_1k1gvGdNpfXw9Xs,"homepage,symptoms-landing-page",2,2,,,,,,,,,,,,,,,,,,,,,,,,,,,,1.0,,,,,,,,,,,,,,,,,,,,,,,1.0,,,,,,,,,,,,,,,,,,,,,0.0,0.0,0.0,0,7,15,0,2021-10-10 16:37:27,,,,,,,anonymous,EN,0.899999976158142,1,,,,,,,,,,,,,,,,,,,,,,,,,,,,,,,,,,,,,,,1,2021-10-03 16:37:27
178,2,2021-09-30 16:14:28,2021-09-30 16:35:39,pJDYBTyu,507,R_A0AIaSIsmRdwCSl,"create-my-menoplan,homepage,am-i-in-menopause,brain-fog-cognitive-issues,dealing-with-dry-eyes,gabapentin-and-pregabalin,heavy-irregular-periods,our-story,treatments,vagina-pain-dryness-not-during-sex,what-if-im-transgender-or-nonbinary,womens-stories",13,12,,,,,1.0,,,,1.0,,,,,,2.0,,,1.0,,,,,,,1.0,1.0,,1.0,,,,,,,,1.0,,,,,,,,,,,,,,,,,,,,,,1.0,1.0,,,,,,,,,1.0,,1.0,,0.0,0.0,0.0,0,100,1271,1,2021-09-30 16:35:40,,,,,42.264694213867195,-71.61750030517578,anonymous,EN,0.899999976158142,1,5.761,5.761,314.065,1.0,2.0,2.0,2.0,2.0,1.0,"2,7,20",,"1,2",,2.0,1.0,1.0,3.0,2.0,1.0,2.0,1.0,1.0,2.0,2.0,1.0,2.0,1.0,3.0,2.0,2.0,2.0,2.0,2.0,"9,10",6.0,5.0,9,"'Thanks for putting this together.  I think it will be very useful as new treatments are studied as a resource for women dealing with menopausal symptoms.
",1,2021-09-30 16:14:28
179,3,2021-09-26 16:30:18,2021-09-26 16:47:50,RenAMIyG,301,R_2rATs2OHOwctlmT,"symptoms-landing-page,am-i-in-menopause,create-my-menoplan,homepage,bladder-control-problems,cooling-techniques,hot-flashes,sleep-problems-insomnia",12,8,,,,,2.0,,,1.0,,,,,,1.0,2.0,,,,,,,,,,,,,1.0,,1.0,,,,,,,,,,,,,,,,1.0,,,,,3.0,,,,,,,,,,,,,,,,,,,,,0.0,0.0,0.0,0,100,1052,1,2021-09-26 16:47:51,,,,,41.14100646972656,-81.47679901123047,anonymous,EN,1.0,1,14.271,14.271,337.973,1.0,2.0,2.0,3.0,3.0,2.0,"2,3,5,17,20,16",,"3,2",,1.0,1.0,1.0,2.0,1.0,3.0,1.0,1.0,1.0,2.0,2.0,4.0,2.0,2.0,3.0,4.0,3.0,3.0,3.0,3.0,9,7.0,5.0,9,,1,2021-09-26 16:30:18
180,38,2021-09-27 20:22:37,2021-09-27 20:23:14,2sr0Fy4j,144,R_1ooscSiPJR5B2AX,"homepage,low-sex-drive,symptoms-landing-page",3,3,,,,,,,,,,,,,,,,,,,,,,,,,,,,1.0,,,1.0,,,,,,,,,,,,,,,,,,,,1.0,,,,,,,,,,,,,,,,,,,,,0.0,0.0,0.0,0,7,37,0,2021-10-04 20:22:37,,,,,,,anonymous,EN,0.899999976158142,1,,,,,,,,,,,,,,,,,,,,,,,,,,,,,,,,,,,,,,,1,2021-09-27 20:22:37
181,38,2021-09-26 10:46:41,2021-09-26 10:54:17,pDR2ZipS,37,R_1FsKBRuiob7FvRp,"treatments,homepage,avoiding-triggers,hot-flashes,ssris-and-snris,vaginal-dilators,womens-stories",8,7,,,,,,1.0,,,,,,,,,,,,,,,,,,,,,,1.0,,1.0,,,,,,,,,,,,,,,,,,1.0,,,,,,,,,,2.0,,1.0,,,,,,,,,,1.0,,0.0,0.0,0.0,0,7,455,0,2021-10-03 10:46:42,,,,,,,anonymous,EN,1.0,1,,,,,,,,,,,,,,,,,,,,,,,,,,,,,,,,,,,,,,,1,2021-09-26 10:46:41
182,38,2021-10-03 09:14:40,2021-10-03 09:15:08,WkHZh57k,379,R_3JlLP5dxn4IT1E9,"symptoms-landing-page,hot-flashes,homepage,clonidine,heavy-irregular-periods,low-sex-drive,mood-depression-anxiety,pain-with-sex,sleep-problems-insomnia,treatments,weight-gain",19,11,,,,,,,,,,,1.0,,,,,,,,,,,,,,,1.0,,1.0,,2.0,1.0,,1.0,,,,,,1.0,,,,,,,1.0,,,,,8.0,,,,,,,1.0,,,,,,,,1.0,,,,,,0.0,0.0,0.0,0,7,28,0,2021-10-10 09:14:41,,,,,,,anonymous,EN,1.0,1,,,,,,,,,,,,,,,,,,,,,,,,,,,,,,,,,,,,,,,1,2021-10-03 09:14:40
183,38,2021-10-02 14:11:23,2021-10-02 14:11:36,RreBoYtZ,355,R_3CHPh5nbAp9Vl8G,homepage,1,1,,,,,,,,,,,,,,,,,,,,,,,,,,,,1.0,,,,,,,,,,,,,,,,,,,,,,,,,,,,,,,,,,,,,,,,,,,,0.0,0.0,0.0,0,7,13,0,2021-10-09 14:11:24,,,,,,,anonymous,EN,0.899999976158142,1,,,,,,,,,,,,,,,,,,,,,,,,,,,,,,,,,,,,,,,1,2021-10-02 14:11:23
184,38,2021-09-30 19:13:42,2021-09-30 19:14:43,qEljPUs6,89,R_1Oq8KgqyxIcolyt,"homepage,bladder-control-problems,symptoms-landing-page",3,3,,,,,,,,1.0,,,,,,,,,,,,,,,,,,,,1.0,,,,,,,,,,,,,,,,,,,,,,,1.0,,,,,,,,,,,,,,,,,,,,,0.0,0.0,0.0,0,7,61,0,2021-10-07 19:13:44,,,,,,,anonymous,EN,1.0,1,,,,,,,,,,,,,,,,,,,,,,,,,,,,,,,,,,,,,,,1,2021-09-30 19:13:42
185,9,2021-10-16 17:13:39,2021-10-16 17:16:46,RPAFkM3x,334,R_2z6dqHFNoSPn0aI,homepage,1,1,,,,,,,,,,,,,,,,,,,,,,,,,,,,1.0,,,,,,,,,,,,,,,,,,,,,,,,,,,,,,,,,,,,,,,,,,,,0.0,0.0,0.0,0,100,187,1,2021-10-16 17:16:46,,,,,39.080902099609375,-108.49250030517578,anonymous,EN,1.0,1,1.157,1.157,2.043,1.0,3.0,3.0,3.0,3.0,2.0,"7,12,11,20,15,14,19",,2,,2.0,1.0,1.0,2.0,2.0,2.0,,,,,,,3.0,3.0,3.0,3.0,3.0,2.0,2.0,2.0,10,7.0,5.0,9,,1,2021-10-16 17:13:39
186,38,2021-09-25 12:35:35,2021-09-25 12:41:38,mUf9bTis,111,R_1gU8gSMyIycH3Sc,homepage,1,1,,,,,,,,,,,,,,,,,,,,,,,,,,,,1.0,,,,,,,,,,,,,,,,,,,,,,,,,,,,,,,,,,,,,,,,,,,,0.0,0.0,0.0,0,7,363,0,2021-10-02 12:35:36,,,,,,,anonymous,EN,1.0,1,,,,,,,,,,,,,,,,,,,,,,,,,,,,,,,,,,,,,,,1,2021-09-25 12:35:35
187,38,2021-10-01 09:04:35,2021-10-01 09:16:49,7SI0cDWz,488,R_6X1JrKgyK6KnwJz,"homepage,create-my-menoplan",3,2,,,,,,,,,,,,,,,1.0,,,,,,,,,,,,,2.0,,,,,,,,,,,,,,,,,,,,,,,,,,,,,,,,,,,,,,,,,,,,0.0,0.0,0.0,0,7,734,0,2021-10-08 09:04:36,,,,,,,anonymous,EN,1.0,1,,,,,,,,,,,,,,,,,,,,,,,,,,,,,,,,,,,,,,,1,2021-10-01 09:04:35
188,38,2021-09-26 16:13:19,2021-09-26 16:15:04,yk3zbBc3,609,R_sO2tbngTxLytqkp,"homepage,symptoms-landing-page",2,2,,,,,,,,,,,,,,,,,,,,,,,,,,,,1.0,,,,,,,,,,,,,,,,,,,,,,,1.0,,,,,,,,,,,,,,,,,,,,,0.0,0.0,0.0,0,7,104,0,2021-10-03 16:13:20,,,,,,,anonymous,EN,1.0,1,,,,,,,,,,,,,,,,,,,,,,,,,,,,,,,,,,,,,,,1,2021-09-26 16:13:19
189,38,2021-10-06 17:38:21,2021-10-06 17:39:16,1Vz74vCU,290,R_2f8vH3JLbdl9lUi,"homepage,create-my-menoplan",2,2,,,,,,,,,,,,,,,1.0,,,,,,,,,,,,,1.0,,,,,,,,,,,,,,,,,,,,,,,,,,,,,,,,,,,,,,,,,,,,0.0,0.0,0.0,0,7,55,0,2021-10-13 17:38:22,,,,,,,anonymous,EN,0.899999976158142,1,,,,,,,,,,,,,,,,,,,,,,,,,,,,,,,,,,,,,,,1,2021-10-06 17:38:21
190,34,2021-09-29 20:59:37,2021-09-29 21:00:05,EGqXDyz3,611,R_shsqcN9jR7EQHgB,"symptoms-landing-page,homepage,hot-flashes,sleep-problems-insomnia",5,4,,,,,,,,,,,,,,,,,,,,,,,,,,,,1.0,,1.0,,,,,,,,,,,,,,,,1.0,,,,,2.0,,,,,,,,,,,,,,,,,,,,,0.0,0.0,0.0,0,14,27,0,2021-10-06 20:59:44,,,,,,,anonymous,EN,1.0,1,3.132,3.132,4.39,1.0,,,,,,,,,,,,,,,,,,,,,,,,,,,,,,,,,,,1,2021-09-29 20:59:37
191,38,2021-09-25 16:08:48,2021-09-25 16:10:31,IcYp12Am,75,R_1M6d38rplt7hkNm,homepage,1,1,,,,,,,,,,,,,,,,,,,,,,,,,,,,1.0,,,,,,,,,,,,,,,,,,,,,,,,,,,,,,,,,,,,,,,,,,,,0.0,0.0,0.0,0,7,102,0,2021-10-02 16:08:50,,,,,,,anonymous,EN,1.0,1,,,,,,,,,,,,,,,,,,,,,,,,,,,,,,,,,,,,,,,1,2021-09-25 16:08:48
192,2,2021-10-17 17:54:01,2021-10-17 17:58:32,DDvr6vQT,204,R_2BeBnnSip5fwJT8,"homepage,create-my-menoplan,hot-flashes,symptoms-landing-page,womens-stories",5,5,,,,,,,,,,,,,,,1.0,,,,,,,,,,,,,1.0,,1.0,,,,,,,,,,,,,,,,,,,,,1.0,,,,,,,,,,,,,,,,,,,1.0,,0.0,0.0,0.0,0,100,271,1,2021-10-17 17:58:32,,,,,30.004302978515625,-95.17469787597656,anonymous,EN,0.899999976158142,1,1.6,1.6,3.052,1.0,1.0,1.0,1.0,1.0,2.0,"2,3,5,6,7,12,11,18,20,14,19",,"1,7,3,2",,2.0,1.0,1.0,2.0,1.0,2.0,2.0,1.0,1.0,2.0,1.0,1.0,1.0,1.0,1.0,1.0,2.0,2.0,1.0,2.0,"9,10,4,5,6,7",7.0,5.0,6,"Loved the info, testimony and tools. Best site for menopausal women. Thank you!",1,2021-10-17 17:54:01
193,34,2021-09-30 19:45:54,2021-09-30 19:47:15,OMACXuRS,252,R_2WT2k0tcHJuOhQV,"am-i-in-menopause,homepage,create-my-menoplan,strategies-to-talk-with-your-doctor",5,4,,,,,2.0,,,,,,,,,,1.0,,,,,,,,,,,,,1.0,,,,,,,,,,,,,,,,,,,,,,1.0,,,,,,,,,,,,,,,,,,,,,,0.0,0.0,0.0,0,14,81,0,2021-10-07 19:45:54,,,,,,,anonymous,EN,1.0,1,4.484,17.453,18.435,4.0,,,,,,,,,,,,,,,,,,,,,,,,,,,,,,,,,,,1,2021-09-30 19:45:54
194,38,2021-09-26 16:41:07,2021-09-26 16:41:52,KZ3YH5E1,352,R_32ROk7SlTC3lNf7,"treatments,homepage,symptoms-landing-page,treatment-template-shorter-table-of-contents-2",5,4,,,,,,,,,,,,,,,,,,,,,,,,,,,,1.0,,,,,,,,,,,,,,,,,,,,,,,1.0,,,,,,1.0,2.0,,,,,,,,,,,,,,0.0,0.0,0.0,0,7,45,0,2021-10-03 16:41:11,,,,,,,anonymous,EN,1.0,1,,,,,,,,,,,,,,,,,,,,,,,,,,,,,,,,,,,,,,,1,2021-09-26 16:41:07
195,38,2021-10-01 17:17:32,2021-10-01 17:19:54,UyJ5sYky,155,R_21gpHlSgqZdiSpZ,homepage,1,1,,,,,,,,,,,,,,,,,,,,,,,,,,,,1.0,,,,,,,,,,,,,,,,,,,,,,,,,,,,,,,,,,,,,,,,,,,,0.0,0.0,0.0,0,7,142,0,2021-10-08 17:17:34,,,,,,,anonymous,EN,0.899999976158142,1,,,,,,,,,,,,,,,,,,,,,,,,,,,,,,,,,,,,,,,1,2021-10-01 17:17:32
196,38,2021-09-30 06:11:09,2021-09-30 06:11:33,QV5gWtcg,471,R_3rNSEklAjxXdcyg,"homepage,create-my-menoplan",2,2,,,,,,,,,,,,,,,1.0,,,,,,,,,,,,,1.0,,,,,,,,,,,,,,,,,,,,,,,,,,,,,,,,,,,,,,,,,,,,0.0,0.0,0.0,0,7,24,0,2021-10-07 06:11:10,,,,,,,anonymous,EN,1.0,1,,,,,,,,,,,,,,,,,,,,,,,,,,,,,,,,,,,,,,,1,2021-09-30 06:11:09
197,3,2021-10-07 17:46:54,2021-10-07 17:50:20,ZmxnseVp,66,R_1LIghaluZ0lSYza,"homepage,create-my-menoplan",2,2,,,,,,,,,,,,,,,1.0,,,,,,,,,,,,,1.0,,,,,,,,,,,,,,,,,,,,,,,,,,,,,,,,,,,,,,,,,,,,0.0,0.0,0.0,0,100,205,1,2021-10-07 17:50:20,,,,,41.881393432617195,-86.58390045166014,anonymous,EN,0.899999976158142,1,2.626,3.887,4.514,2.0,1.0,1.0,1.0,1.0,3.0,"1,2,3,5,6,7,18,19",,"2,5",,1.0,1.0,1.0,1.0,1.0,1.0,1.0,1.0,1.0,1.0,1.0,1.0,1.0,1.0,1.0,1.0,1.0,1.0,1.0,1.0,11,6.0,5.0,9,,1,2021-10-07 17:46:54
198,38,2021-10-04 18:28:04,2021-10-04 18:32:30,xxrnGj4H,495,R_78NPKMIwaRXrpT3,homepage,1,1,,,,,,,,,,,,,,,,,,,,,,,,,,,,1.0,,,,,,,,,,,,,,,,,,,,,,,,,,,,,,,,,,,,,,,,,,,,0.0,0.0,0.0,0,7,265,0,2021-10-11 18:28:04,,,,,,,anonymous,EN,1.0,1,,,,,,,,,,,,,,,,,,,,,,,,,,,,,,,,,,,,,,,1,2021-10-04 18:28:04
199,38,2021-09-28 15:37:24,2021-09-28 15:38:14,n0bmPAWY,139,R_1mwQrGFxKQVQKIF,"homepage,create-my-menoplan",2,2,,,,,,,,,,,,,,,1.0,,,,,,,,,,,,,1.0,,,,,,,,,,,,,,,,,,,,,,,,,,,,,,,,,,,,,,,,,,,,0.0,0.0,0.0,0,7,49,0,2021-10-05 15:37:25,,,,,,,anonymous,EN,0.899999976158142,1,,,,,,,,,,,,,,,,,,,,,,,,,,,,,,,,,,,,,,,1,2021-09-28 15:37:24
200,38,2021-10-06 22:10:49,2021-10-06 22:11:50,q5FXAIwz,372,R_3GfDloS1lzM14IY,homepage,1,1,,,,,,,,,,,,,,,,,,,,,,,,,,,,1.0,,,,,,,,,,,,,,,,,,,,,,,,,,,,,,,,,,,,,,,,,,,,0.0,0.0,0.0,0,7,61,0,2021-10-13 22:10:50,,,,,,,anonymous,EN,1.0,1,,,,,,,,,,,,,,,,,,,,,,,,,,,,,,,,,,,,,,,1,2021-10-06 22:10:49
201,3,2021-10-16 22:52:14,2021-10-16 22:57:02,otfwgiRx,313,R_2t50f7Bj1l1C0e9,"homepage,create-my-menoplan",2,2,,,,,,,,,,,,,,,1.0,,,,,,,,,,,,,1.0,,,,,,,,,,,,,,,,,,,,,,,,,,,,,,,,,,,,,,,,,,,,0.0,0.0,0.0,0,100,287,1,2021-10-16 22:57:03,,,,,34.413299560546875,-118.09170532226562,anonymous,EN,1.0,1,0.0,0.0,1.801,0.0,2.0,2.0,2.0,2.0,1.0,"1,5,8,10,17,20,14,19",,"1,7,3,2,4",,1.0,1.0,1.0,1.0,2.0,2.0,1.0,1.0,1.0,1.0,1.0,2.0,2.0,2.0,2.0,2.0,2.0,2.0,2.0,2.0,10,6.0,5.0,6,,1,2021-10-16 22:52:14
202,38,2021-10-07 19:51:48,2021-10-07 19:51:58,WHLi5OSL,231,R_2R1XVjlQpZFROnf,homepage,3,2,,,,,,,,,,,,,,,,,,,,,,,,,,,,3.0,,,,,,,,,,,,,,,,,,,,,,,,,,,,,,,,,,,,,,,,,,,,0.0,0.0,0.0,0,7,9,0,2021-10-14 19:51:48,,,,,,,anonymous,EN,0.899999976158142,1,,,,,,,,,,,,,,,,,,,,,,,,,,,,,,,,,,,,,,,1,2021-10-07 19:51:48
203,34,2021-10-01 07:58:23,2021-10-01 08:04:04,n7KRUkSs,419,R_3dLdiaIqPqLkDxI,"about,homepage,am-i-in-menopause,low-sex-drive,questions-and-answers,symptoms-landing-page",7,6,,,2.0,,1.0,,,,,,,,,,,,,,,,,,,,,,,1.0,,,1.0,,,,,,,,,,,,1.0,,,,,,,,1.0,,,,,,,,,,,,,,,,,,,,,0.0,0.0,0.0,0,14,341,0,2021-10-08 07:58:24,,,,,,,anonymous,EN,1.0,1,67.876,67.876,69.073,1.0,,,,,,,,,,,,,,,,,,,,,,,,,,,,,,,,,,,1,2021-10-01 07:58:23
204,38,2021-09-29 23:16:13,2021-09-29 23:16:41,Xy7zuRRA,365,R_3Es5YNdmTUcPrlj,"homepage,am-i-in-menopause,sleep-problems-insomnia,symptoms-landing-page",4,4,,,,,1.0,,,,,,,,,,,,,,,,,,,,,,,1.0,,,,,,,,,,,,,,,,,,1.0,,,,,1.0,,,,,,,,,,,,,,,,,,,,,0.0,0.0,0.0,0,7,28,0,2021-10-06 23:16:14,,,,,,,anonymous,EN,1.0,1,,,,,,,,,,,,,,,,,,,,,,,,,,,,,,,,,,,,,,,1,2021-09-29 23:16:13
205,38,2021-10-04 18:03:29,2021-10-04 18:03:41,aTXgnexn,475,R_3s7avv2TImpBx82,homepage,1,1,,,,,,,,,,,,,,,,,,,,,,,,,,,,1.0,,,,,,,,,,,,,,,,,,,,,,,,,,,,,,,,,,,,,,,,,,,,0.0,0.0,0.0,0,7,12,0,2021-10-11 18:03:29,,,,,,,anonymous,EN,1.0,1,,,,,,,,,,,,,,,,,,,,,,,,,,,,,,,,,,,,,,,1,2021-10-04 18:03:29
206,34,2021-10-07 19:51:48,2021-10-07 19:52:08,k1Ufhp7Q,173,R_25GyjCWVUgkSTss,"homepage,create-my-menoplan",2,2,,,,,,,,,,,,,,,1.0,,,,,,,,,,,,,1.0,,,,,,,,,,,,,,,,,,,,,,,,,,,,,,,,,,,,,,,,,,,,0.0,0.0,0.0,0,14,19,0,2021-10-14 19:51:48,,,,,,,anonymous,EN,0.899999976158142,1,0.0,0.0,9.786,0.0,,,,,,,,,,,,,,,,,,,,,,,,,,,,,,,,,,,1,2021-10-07 19:51:48
207,38,2021-09-30 17:51:51,2021-09-30 17:52:47,8NVGP14Z,635,R_yyU3LmnmHjDmzIt,"homepage,create-my-menoplan,hot-flashes,symptoms-landing-page",4,4,,,,,,,,,,,,,,,1.0,,,,,,,,,,,,,1.0,,1.0,,,,,,,,,,,,,,,,,,,,,1.0,,,,,,,,,,,,,,,,,,,,,0.0,0.0,0.0,0,7,55,0,2021-10-07 17:51:52,,,,,,,anonymous,EN,1.0,1,,,,,,,,,,,,,,,,,,,,,,,,,,,,,,,,,,,,,,,1,2021-09-30 17:51:51
208,38,2021-09-26 16:18:06,2021-09-26 16:19:17,VpEB6Lqu,241,R_2TXEIGs0pqx2LLl,"symptoms-landing-page,homepage,weight-gain",4,3,,,,,,,,,,,,,,,,,,,,,,,,,,,,1.0,,,,,,,,,,,,,,,,,,,,,,,2.0,,,,,,,,,,,,,,,1.0,,,,,,0.0,0.0,0.0,0,7,71,0,2021-10-03 16:18:06,,,,,,,anonymous,EN,0.899999976158142,1,,,,,,,,,,,,,,,,,,,,,,,,,,,,,,,,,,,,,,,1,2021-09-26 16:18:06
209,38,2021-09-26 14:03:48,2021-09-26 14:04:20,kdlzsZBi,368,R_3FR6z8ccZX4zEx0,"symptoms-landing-page,homepage,hot-flashes,mood-depression-anxiety,weight-gain",7,5,,,,,,,,,,,,,,,,,,,,,,,,,,,,1.0,,1.0,,,1.0,,,,,,,,,,,,,,,,,,3.0,,,,,,,,,,,,,,,1.0,,,,,,0.0,0.0,0.0,0,7,31,0,2021-10-03 14:03:50,,,,,,,anonymous,EN,1.0,1,,,,,,,,,,,,,,,,,,,,,,,,,,,,,,,,,,,,,,,1,2021-09-26 14:03:48
210,38,2021-10-01 11:23:25,2021-10-01 11:23:51,nbhkP47K,55,R_1IzrJGw6Cmb852N,"homepage,am-i-in-menopause,create-my-menoplan,questions-and-answers",4,4,,,,,1.0,,,,,,,,,,1.0,,,,,,,,,,,,,1.0,,,,,,,,,,,,,,,1.0,,,,,,,,,,,,,,,,,,,,,,,,,,,,,0.0,0.0,0.0,0,7,25,0,2021-10-08 11:23:26,,,,,,,anonymous,EN,1.0,1,,,,,,,,,,,,,,,,,,,,,,,,,,,,,,,,,,,,,,,1,2021-10-01 11:23:25
